{"type":"FeatureCollection","features":[{"type":"Feature","geometry":{"type":"Polygon","coordinates":[[[120.59915486700004,16.420561948000056],[120.59884063100003,16.420556032000036],[120.59878781000009,16.420601307000027],[120.59867085000008,16.420676766000042],[120.59847088400011,16.420752225000058],[120.5983576970001,16.42078618100004],[120.59815395900011,16.420861639000066],[120.59792003700011,16.420914460000063],[120.59780320000004,16.420660543000054],[120.59777289300007,16.420624175000057],[120.59765469900003,16.420302929000059],[120.59766379100006,16.42025140800007],[120.59766812400005,16.419986761000075],[120.59755712500009,16.419860434000043],[120.59723568200002,16.419413427000052],[120.59711011800005,16.419232616000045],[120.59691423900006,16.419016646000046],[120.59671836000007,16.418644978000032],[120.59662795400004,16.418418963000022],[120.59659710500011,16.418320614000038],[120.59647225500009,16.417956889000038],[120.59630651100008,16.417308981000076],[120.59622587800004,16.417011015000071],[120.59670367000001,16.416916470000047],[120.59674582000002,16.416901567000025],[120.59685039500005,16.416842264000024],[120.59692460100007,16.416789983000058],[120.59703082300007,16.416724427000077],[120.59726674600006,16.417042036000055],[120.59744711900009,16.416920436000055],[120.59751399800007,16.416869770000062],[120.59760114400001,16.416821130000073],[120.59781597000006,16.416740064000066],[120.59799297600011,16.416665318000071],[120.59822346100009,16.416742146000047],[120.59852047900006,16.41709439400006],[120.59848914300005,16.417160201000058],[120.59853928100006,16.417273013000056],[120.59866149400011,16.417414028000053],[120.59880564200012,16.417598913000063],[120.59882444400012,16.417752463000056],[120.59877743900006,16.418162972000061],[120.59873983500006,16.418344724000065],[120.59861762300011,16.418510808000065],[120.59803476200011,16.41939136600007],[120.59854006400008,16.419141787000058],[120.59872900300002,16.419117143000051],[120.59889877000001,16.419783940000059],[120.59891884900003,16.419863010000029],[120.59891924500005,16.41986432300007],[120.59894742600011,16.419970455000055],[120.59904938000011,16.420308285000033],[120.59915486700004,16.420561948000056]]]},"properties":{"brgy_name":"A. Bonifacio-Caguioa-Rimando (ABCR)","psgc_10d":"1430300125","city_name":"Baguio City","prov_name":"Benguet","urban_rural2015":"U"}},{"type":"Feature","geometry":{"type":"Polygon","coordinates":[[[120.59444198300002,16.414607656000044],[120.59394827000006,16.414613074000044],[120.59356305000006,16.414620456000023],[120.59345211700008,16.414611922000063],[120.59153980100007,16.414578411000036],[120.59191004500008,16.414369362000059],[120.59207604400001,16.414206180000065],[120.5924440010001,16.413847999000041],[120.59215435500005,16.413470200000063],[120.59270378300005,16.412945442000023],[120.59297086800007,16.412659479000069],[120.59305122900003,16.412705274000075],[120.59344252500011,16.412743378000073],[120.59382633200005,16.412696962000041],[120.59387140400008,16.412689501000045],[120.59395552500007,16.412626411000076],[120.5942909370001,16.412895763000051],[120.59483414200008,16.413334106000036],[120.59440785000004,16.413809790000073],[120.59444198300002,16.414607656000044]]]},"properties":{"brgy_name":"Abanao-Zandueta-Kayong-Chugum-Otek (AZKCO)","psgc_10d":"1430300129","city_name":"Baguio City","prov_name":"Benguet","urban_rural2015":"U"}},{"type":"Feature","geometry":{"type":"Polygon","coordinates":[[[120.60011523300011,16.421665260000054],[120.5994316340001,16.422159047000036],[120.5992942470001,16.422312286000022],[120.59911804600006,16.422545445000026],[120.59911442400005,16.422733771000026],[120.59915426200007,16.422838799000033],[120.59919047900007,16.423037990000068],[120.59923083800004,16.423168310000051],[120.59920441800011,16.423326833000033],[120.59910402000003,16.423480072000075],[120.59877640500008,16.423839391000058],[120.59855975700009,16.42399791400004],[120.59830083600002,16.424167006000062],[120.59816059400009,16.424310262000063],[120.59791376400005,16.424583394000024],[120.59774072100004,16.424801098000046],[120.59739197100009,16.425091724000026],[120.59713887800001,16.425206540000033],[120.59675259400001,16.425377065000077],[120.59642671100005,16.425475626000036],[120.59629287700011,16.425519736000069],[120.59614144000011,16.425544414000058],[120.59591242200008,16.425551441000039],[120.59580674000006,16.425498600000026],[120.59532204400011,16.425394698000048],[120.59514804800006,16.425362326000027],[120.59451741900011,16.425202690000049],[120.59428491800008,16.425239679000072],[120.59411582700011,16.425292520000028],[120.59406392800008,16.42534226600003],[120.59398228900011,16.42543684900005],[120.59373235300006,16.425315829000056],[120.59351012200011,16.425180558000022],[120.59346181100011,16.42500663800007],[120.59359708200009,16.424726434000036],[120.59401255700004,16.424591164000049],[120.5940312030001,16.424458822000076],[120.59415326900012,16.424311057000068],[120.59421430200007,16.424153656000044],[120.59420787800002,16.424002679000068],[120.59423357600008,16.423822792000067],[120.59430424600009,16.42378745700006],[120.59445201100004,16.423755334000077],[120.59455801600006,16.423675027000058],[120.59465117100001,16.423597933000053],[120.59474111500003,16.423485503000052],[120.59480073500004,16.423429379000027],[120.59483309300003,16.423398407000036],[120.59487085800004,16.423495607000064],[120.59514745600006,16.423916348000034],[120.59549599900004,16.424465246000068],[120.59564697600001,16.424413850000064],[120.59584292500006,16.424333543000046],[120.59588789600002,16.424201840000023],[120.59591601000011,16.423934134000035],[120.59595535400001,16.423842065000031],[120.59603195700004,16.423837512000034],[120.59615130300006,16.423829216000058],[120.59629264300008,16.423896674000048],[120.59664920500006,16.424150444000077],[120.59689189300002,16.424224000000038],[120.59707547400001,16.424166027000069],[120.59715277200007,16.424001769000029],[120.59715031900009,16.423887037000043],[120.5971141230001,16.423808525000027],[120.59707001300001,16.423752122000053],[120.59695952800007,16.423692579000033],[120.59668898600012,16.42367325400005],[120.59643776900009,16.423566970000024],[120.59634749500003,16.423473236000063],[120.59630549200006,16.423430895000024],[120.59630249800011,16.423373726000023],[120.59630549200006,16.423331314000052],[120.59634082700006,16.42328634200004],[120.59641844500004,16.423267442000054],[120.59661168900004,16.423180482000078],[120.59692087900009,16.42315149600006],[120.59733635400005,16.423296429000061],[120.59784845000001,16.423586295000064],[120.59796439700006,16.423586295000064],[120.59805135700003,16.423412375000055],[120.59805135700003,16.423035549000076],[120.59805135700003,16.422813318000067],[120.59806220200005,16.422749927000041],[120.59811899200008,16.422426830000063],[120.59830581000006,16.422112790000028],[120.59869872400009,16.421972707000066],[120.59947170000009,16.421499259000029],[120.59976593900001,16.421233235000045],[120.59986489700009,16.421356886000069],[120.59995300500009,16.421458354000038],[120.60011523300011,16.421665260000054]]]},"properties":{"brgy_name":"Alfonso Tabora","psgc_10d":"1430300136","city_name":"Baguio City","prov_name":"Benguet","urban_rural2015":"U"}},{"type":"Feature","geometry":{"type":"Polygon","coordinates":[[[120.61149635100003,16.42995436800004],[120.60837385400009,16.431309958000043],[120.60829800700003,16.431358225000054],[120.60815665700011,16.43154439400007],[120.6079704870001,16.43164782100007],[120.60782913700007,16.43164782100007],[120.60772570900008,16.431578870000067],[120.60758091100001,16.431430624000029],[120.60741687100005,16.431345189000069],[120.60726373400007,16.431289273000061],[120.60714306800003,16.431289273000061],[120.60698792700009,16.431285825000032],[120.60679486300012,16.431289273000061],[120.60664316900011,16.43126514000005],[120.60654319000002,16.431223769000042],[120.6064121820001,16.431147922000036],[120.60630530700007,16.431041047000065],[120.60628117400006,16.430944515000022],[120.60627772600003,16.430785926000055],[120.60622256500005,16.430675604000044],[120.6060777670001,16.430720422000036],[120.60597778700003,16.43064802300006],[120.60582264600009,16.430658366000046],[120.60572611300006,16.430723870000065],[120.60555028700003,16.430734213000051],[120.60542962200009,16.430679051000027],[120.60515036800007,16.430651471000033],[120.60498488400003,16.430627338000022],[120.60485042800008,16.430603205000068],[120.60479182000006,16.430541148000032],[120.60477802900004,16.430420483000034],[120.60471252500008,16.43036876900004],[120.60458841200011,16.430354979000072],[120.60432984400006,16.430541148000032],[120.60423331200002,16.430499777000023],[120.60404714300012,16.430413588000022],[120.60390132300006,16.430222773000025],[120.60359963600001,16.429801870000063],[120.6039667980001,16.429501280000068],[120.60398768400012,16.429525647000048],[120.60402597500001,16.429539571000078],[120.60406652800009,16.429481687000077],[120.60412577500006,16.429403121000064],[120.60422049300007,16.429272814000058],[120.60429282700011,16.429224591000036],[120.60452363200011,16.429192434000072],[120.60471634100008,16.429092008000055],[120.60489819300005,16.429138150000028],[120.60499590500001,16.429124579000074],[120.60522389900007,16.429078437000044],[120.60539218000008,16.429029581000066],[120.60574774100007,16.428823301000023],[120.60587259500005,16.428831444000025],[120.60632414700001,16.428872897000076],[120.60664784400001,16.428923475000033],[120.60680969200007,16.428913359000035],[120.60693613600006,16.428781857000047],[120.60722427200005,16.428513881000072],[120.60731041100007,16.428468276000046],[120.60751777900009,16.428448045000039],[120.60763410700008,16.428392410000072],[120.60779089800008,16.428544143000067],[120.60786735800002,16.428595825000059],[120.60798309300003,16.428665529000057],[120.60843829200007,16.428478392000045],[120.60855967800001,16.428448045000039],[120.60874175800006,16.428235619000077],[120.60901487700005,16.428083886000024],[120.60925259200008,16.427916980000077],[120.60968921500012,16.428019995000056],[120.6105573750001,16.428356243000053],[120.61122628400005,16.428175457000066],[120.61149635100003,16.42995436800004]]]},"properties":{"brgy_name":"Ambiong","psgc_10d":"1430300126","city_name":"Baguio City","prov_name":"Benguet","urban_rural2015":"R"}},{"type":"Feature","geometry":{"type":"Polygon","coordinates":[[[120.58588854200002,16.418861383000035],[120.58555814600004,16.418863861000034],[120.58529358700002,16.418838728000026],[120.58521421900002,16.418816240000069],[120.58488219800006,16.418870475000062],[120.58478960200011,16.418926032000059],[120.58436834700001,16.419127048000064],[120.58395335400007,16.41899759100005],[120.58389668900008,16.418553848000045],[120.5839338080001,16.418242052000039],[120.58407677300011,16.417978041000026],[120.58422165600007,16.417318017000071],[120.58420453400004,16.416662559000031],[120.58514650000006,16.416090628000063],[120.58525421100001,16.416016059000071],[120.58532670900001,16.415949775000058],[120.58534949400007,16.415908348000073],[120.58531428100002,16.41584206400006],[120.58529978100012,16.415790280000067],[120.58537020800009,16.415732282000022],[120.58548413300002,16.415624571000023],[120.58587600500005,16.416060920000064],[120.58611579500007,16.416237236000029],[120.58636263700009,16.416603972000075],[120.58666739000012,16.416800440000031],[120.5870629210001,16.417107504000057],[120.58703705800008,16.417288539000026],[120.58699179900009,16.417465265000033],[120.58690774700005,16.417616128000077],[120.58666739000012,16.417911683000057],[120.58671467700003,16.418045663000044],[120.58658857800003,16.418234810000058],[120.58638366800005,16.418384552000077],[120.58625751300008,16.418445410000061],[120.58604130100002,16.418508864000046],[120.58594024500007,16.418647522000072],[120.58588854200002,16.418861383000035]]]},"properties":{"brgy_name":"Andres Bonifacio (Lower Bokawkan)","psgc_10d":"1430300117","city_name":"Baguio City","prov_name":"Benguet","urban_rural2015":"U"}},{"type":"Feature","geometry":{"type":"Polygon","coordinates":[[[120.62834488200008,16.383894074000068],[120.6273569980001,16.385636221000027],[120.62535624300006,16.387668835000056],[120.62328104800008,16.387841856000023],[120.62254402800011,16.387939426000059],[120.62189833000002,16.386973967000074],[120.62085283300007,16.384267117000036],[120.62099779200003,16.383078449000038],[120.62090434400011,16.382517625000048],[120.62046860300006,16.381746108000073],[120.62015798200002,16.381765821000045],[120.61866141900009,16.381615564000072],[120.61855022900011,16.381618569000068],[120.61843986400004,16.381694251000056],[120.61845912900003,16.381517702000053],[120.6184078340001,16.381393983000066],[120.61869662800007,16.381133280000029],[120.61885339800006,16.380539455000076],[120.61890090400004,16.380463445000032],[120.61892465700009,16.380325678000077],[120.61909092800011,16.380206913000052],[120.61932370800002,16.380126152000059],[120.61973701000011,16.379997886000069],[120.61993653500008,16.37996938200007],[120.6203213340001,16.379926627000032],[120.6205398620001,16.379917126000066],[120.62082964900003,16.379788860000076],[120.62089615700006,16.379627339000024],[120.62114318800002,16.379622588000075],[120.62058736800009,16.379484821000062],[120.62042584700009,16.379446816000041],[120.62025491000009,16.379341796000062],[120.62040175800007,16.379214973000046],[120.62042845700012,16.37908815000003],[120.62042845700012,16.378854529000023],[120.62045515700004,16.378680981000059],[120.6204952060001,16.378560833000051],[120.6206554040001,16.37837393600006],[120.62223067900004,16.377859969000042],[120.62233747700009,16.377866644000051],[120.62246430000005,16.377953418000061],[120.62271794600008,16.378180364000059],[120.62283141900002,16.378207064000037],[120.62298494200002,16.378187039000068],[120.62313179000012,16.378106940000066],[120.62454574500009,16.377904314000034],[120.62665613400009,16.381798157000048],[120.62833820700007,16.382605819000048],[120.62834488200008,16.383894074000068]]]},"properties":{"brgy_name":"Apugan-Loakan","psgc_10d":"1430300001","city_name":"Baguio City","prov_name":"Benguet","urban_rural2015":"U"}},{"type":"Feature","geometry":{"type":"Polygon","coordinates":[[[120.56635904300003,16.409517526000059],[120.56619620200001,16.40955910200006],[120.56600564400003,16.409680367000021],[120.56585319700002,16.409773914000027],[120.5657388620001,16.409815490000028],[120.56563492100008,16.409822419000022],[120.56551712100008,16.409780843000021],[120.56542703900004,16.409735802000057],[120.56522262200008,16.409649184000045],[120.56501474000004,16.409590285000036],[120.56473720600002,16.409536854000066],[120.56454370300003,16.409531762000029],[120.56412614500005,16.409552130000066],[120.56339796400005,16.409694711000043],[120.56316881600003,16.409771094000064],[120.56305779600007,16.40984084300004],[120.5630059560001,16.409789004000061],[120.56271713700005,16.409403911000027],[120.56254345500008,16.409215225000025],[120.56247964200008,16.409232497000062],[120.56231059100003,16.409283550000055],[120.56203435700002,16.409384628000055],[120.56181617800007,16.409412712000062],[120.56162708200009,16.409436095000046],[120.56139641100003,16.409483598000065],[120.56139178400008,16.409537034000039],[120.5612739820001,16.409553282000047],[120.56124536700008,16.409490480000045],[120.56108219800001,16.409505769000077],[120.56088159000001,16.40952487800007],[120.56089338400011,16.409338448000028],[120.56079568900009,16.409289600000022],[120.56066000200008,16.40930045500005],[120.56049717700012,16.409387295000045],[120.56047511200006,16.409506118000024],[120.56037963200004,16.409458682000036],[120.56022480200011,16.409453990000031],[120.56004182000004,16.409430531000055],[120.55979784600004,16.409430531000055],[120.55972746800001,16.40939768800007],[120.55942938200008,16.409224646000041],[120.55923013500001,16.409317927000075],[120.55910814800006,16.409355462000065],[120.55904836600007,16.409565962000045],[120.55900961900011,16.40974488300003],[120.55842296500009,16.409741588000031],[120.55773819500007,16.409263181000028],[120.55746059500007,16.408883360000061],[120.55779010700007,16.408160687000077],[120.55692564300011,16.408159150000074],[120.55645346500012,16.407792224000048],[120.5557710920001,16.407184647000065],[120.5549762170001,16.406537228000047],[120.55442372900006,16.406250103000048],[120.55449717600004,16.405965493000053],[120.55457980500012,16.405827779000049],[120.55490113900009,16.405717607000042],[120.55520411100008,16.405579892000048],[120.55536018700002,16.405405454000061],[120.55546117800009,16.405074940000077],[120.55560807300003,16.404872958000055],[120.55581005400006,16.404799511000022],[120.55608548300006,16.404606710000053],[120.55620483600001,16.404597529000057],[120.55638845500005,16.404615891000049],[120.55649862600001,16.404652615000032],[120.55660879800007,16.404670977000023],[120.55672815000003,16.404579168000055],[120.55682914100009,16.404312920000052],[120.55696685600003,16.404083396000033],[120.55725146500004,16.403918138000051],[120.55737999900009,16.403853871000024],[120.55756361800002,16.403853871000024],[120.55788495200011,16.403596804000074],[120.55809611400002,16.403348918000063],[120.55826137100007,16.403183661000071],[120.55855516200006,16.403156118000027],[120.55872320600008,16.403112847000045],[120.55900752800005,16.402996202000054],[120.55941578500006,16.402967040000021],[120.56000630000005,16.403105556000071],[120.56095768600005,16.403193040000076],[120.56141333000005,16.403131072000065],[120.56186897500004,16.402963395000029],[120.56209861900004,16.402715525000076],[120.56222255500006,16.402529622000031],[120.56240845800005,16.402289042000064],[120.56265268300001,16.402146881000021],[120.56288232800011,16.402103139000076],[120.56330881100007,16.401975558000061],[120.56350929400003,16.401913591000039],[120.56523530100003,16.401386229000025],[120.56621702700011,16.401080648000061],[120.56673990900003,16.400911801000063],[120.56761682600006,16.400606786000026],[120.56919283600007,16.399820972000043],[120.57348801500007,16.400906129000077],[120.57437055000003,16.399395659000049],[120.57464506000008,16.399485957000024],[120.57504554000002,16.399675839000054],[120.5751214930001,16.399675839000054],[120.5752112560001,16.399658577000025],[120.57531790900009,16.399635937000028],[120.57530383100004,16.399804872000061],[120.57528975300011,16.39993157300006],[120.5755427360001,16.399954145000038],[120.57558179900002,16.399915082000064],[120.57573094800011,16.399677154000074],[120.57590081500007,16.399308396000038],[120.57658549500002,16.399687474000075],[120.57658218000006,16.400018843000055],[120.57679388200006,16.400152846000026],[120.57706732500003,16.400179555000022],[120.57734230800008,16.400499765000063],[120.5775943650001,16.401060150000035],[120.57807718400011,16.40121266500006],[120.57833762600001,16.401311211000063],[120.57825873100001,16.401837596000064],[120.57824917700009,16.402274487000057],[120.57802578100006,16.402516228000025],[120.57774190300006,16.402802785000063],[120.57743157500011,16.403461781000033],[120.57699285500007,16.404792913000051],[120.57623566600012,16.404524132000063],[120.57452996200004,16.404711759000065],[120.5734217700001,16.404604433000031],[120.57247951300008,16.404783334000058],[120.57249192900008,16.404819941000028],[120.57250667500011,16.404941594000036],[120.57246597900007,16.405042217000073],[120.57236431900003,16.404931316000045],[120.57228576300008,16.404820414000028],[120.57213327400007,16.404691029000048],[120.57190684900002,16.404607852000026],[120.57155566100005,16.404510813000059],[120.57130151100012,16.404386049000038],[120.57109357000002,16.404233559000033],[120.57099653200009,16.40410879500007],[120.56922666500009,16.405401958000027],[120.56880446700006,16.405741443000068],[120.56816119500002,16.406359189000057],[120.56765066200001,16.407538521000049],[120.56743113200002,16.408105213000056],[120.56706865300009,16.408391111000071],[120.56637432800005,16.409141595000051],[120.56635904300003,16.409517526000059]]]},"properties":{"brgy_name":"Asin Road","psgc_10d":"1430300002","city_name":"Baguio City","prov_name":"Benguet","urban_rural2015":"U"}},{"type":"Feature","geometry":{"type":"Polygon","coordinates":[[[120.63507059700009,16.37698778400005],[120.63538719900009,16.378516167000043],[120.63566662300002,16.380892800000026],[120.63593615900004,16.384602473000029],[120.63604786900009,16.38613994800005],[120.62834488200008,16.383894074000068],[120.62833820700007,16.382605819000048],[120.62665613400009,16.381798157000048],[120.62454574500009,16.377904314000034],[120.62313179000012,16.378106940000066],[120.62322523800003,16.37796009300007],[120.62333203600008,16.377559599000051],[120.62349890900009,16.377332653000053],[120.62367245600001,16.377219179000065],[120.62380595400009,16.377225854000073],[120.62394612700007,16.377299278000066],[120.6241196740001,16.377332653000053],[120.62429322100002,16.377305953000075],[120.62454686700005,16.377252554000052],[120.62482721300012,16.377212505000045],[120.62494510800002,16.377173036000045],[120.62504514800003,16.377042213000038],[120.62510755800008,16.376958859000069],[120.6255080520001,16.376705213000037],[120.62578172300005,16.376598414000057],[120.62608876800005,16.376625114000035],[120.62634567700002,16.37667668000006],[120.62652263600012,16.376705213000037],[120.62684303100002,16.376738587000034],[120.62709213400001,16.376722853000047],[120.62723685000003,16.376658488000032],[120.62786429000005,16.375904225000056],[120.62812461100009,16.375463682000031],[120.62831599500009,16.375079645000028],[120.62831599500009,16.374842146000049],[120.62837536900008,16.373951525000052],[120.62839911900005,16.373678401000063],[120.62849411900004,16.373452777000068],[120.62908466700003,16.374002682000025],[120.62938008000003,16.374266443000067],[120.62977044700006,16.374350847000073],[120.6302557680001,16.374751765000042],[120.63057755700004,16.374878370000033],[120.63075164000008,16.375068279000061],[120.63090989700004,16.37524763600004],[120.63138466800001,16.375796260000072],[120.63507059700009,16.37698778400005]]]},"properties":{"brgy_name":"Atok Trail","psgc_10d":"1430300003","city_name":"Baguio City","prov_name":"Benguet","urban_rural2015":"R"}},{"type":"Feature","geometry":{"type":"Polygon","coordinates":[[[120.60459730300011,16.424168162000058],[120.60368765800001,16.424769079000043],[120.60282211700007,16.425375509000048],[120.60273390900011,16.425436152000032],[120.60257954500003,16.425480256000071],[120.60222120000003,16.425480256000071],[120.60189190500012,16.424935326000025],[120.60166989300001,16.42287129500005],[120.60241132600004,16.42321223700003],[120.60254887400004,16.423265604000051],[120.6026820940001,16.423321494000049],[120.60297604200002,16.423429900000031],[120.6031357490001,16.42349250500007],[120.60403105900002,16.423858913000061],[120.60459730300011,16.424168162000058]]]},"properties":{"brgy_name":"Aurora Hill Proper (Malvar-Sgt. Floresca)","psgc_10d":"1430300067","city_name":"Baguio City","prov_name":"Benguet","urban_rural2015":"R"}},{"type":"Feature","geometry":{"type":"Polygon","coordinates":[[[120.60561319100009,16.424353831000076],[120.60575758100003,16.424397148000025],[120.60614743300005,16.424592075000078],[120.60646509100002,16.42483753700003],[120.60644343200011,16.42496748800005],[120.60582977600006,16.425631681000027],[120.60580811700004,16.425747193000063],[120.60594528700005,16.426057631000049],[120.60569424800008,16.425997235000068],[120.60551818200008,16.425875811000026],[120.60529961800012,16.425705816000061],[120.60520854900005,16.425578320000056],[120.60509347300001,16.425375509000048],[120.60434085300005,16.425118693000059],[120.60425219700005,16.425132545000054],[120.60411921400009,16.425212889000022],[120.60385878800003,16.425415135000037],[120.60382277200006,16.425459463000038],[120.60375073900002,16.425478856000041],[120.60312183800011,16.425520414000061],[120.60302210100008,16.425525955000069],[120.60233977400003,16.425800195000022],[120.60222120000003,16.425480256000071],[120.60257954500003,16.425480256000071],[120.60273390900011,16.425436152000032],[120.60282211700007,16.425375509000048],[120.60368765800001,16.424769079000043],[120.60459730300011,16.424168162000058],[120.60511188300006,16.424588183000026],[120.60532546700006,16.424612827000033],[120.60561319100009,16.424353831000076]]]},"properties":{"brgy_name":"Aurora Hill, North Central","psgc_10d":"1430300078","city_name":"Baguio City","prov_name":"Benguet","urban_rural2015":"R"}},{"type":"Feature","geometry":{"type":"Polygon","coordinates":[[[120.60759169000005,16.426219765000042],[120.60746242500011,16.426404755000021],[120.60733348200006,16.426743997000074],[120.60685385400006,16.42641007900005],[120.60658486600005,16.426300216000072],[120.60629530000006,16.426185443000065],[120.60594528700005,16.426057631000049],[120.60580811700004,16.425747193000063],[120.60582977600006,16.425631681000027],[120.60644343200011,16.42496748800005],[120.60646509100002,16.42483753700003],[120.60614743300005,16.424592075000078],[120.60575758100003,16.424397148000025],[120.60561319100009,16.424353831000076],[120.60573819000001,16.424127546000022],[120.6062023610001,16.424141360000021],[120.60655336600007,16.424167360000069],[120.60662270000012,16.424037358000078],[120.60673103500005,16.424037358000078],[120.60687403700001,16.424171693000062],[120.60750578200009,16.424282682000069],[120.60784038300005,16.424340695000069],[120.60775371500006,16.424492364000059],[120.60772338100003,16.424869369000078],[120.60754137900005,16.424986371000045],[120.60773204800012,16.425190040000075],[120.60777971500011,16.425948383000048],[120.60759169000005,16.426219765000042]]]},"properties":{"brgy_name":"Aurora Hill, South Central","psgc_10d":"1430300128","city_name":"Baguio City","prov_name":"Benguet","urban_rural2015":"R"}},{"type":"Feature","geometry":{"type":"Polygon","coordinates":[[[120.59597810800005,16.416017693000072],[120.59542231100011,16.416089978000059],[120.59526354600007,16.416129510000076],[120.59484238700009,16.414566821000051],[120.59444198300002,16.414607656000044],[120.59440785000004,16.413809790000073],[120.59483414200008,16.413334106000036],[120.59528537200003,16.413867443000072],[120.59538702600003,16.414031654000041],[120.59553809200008,16.414564884000072],[120.59563613400007,16.414910033000069],[120.59570590800001,16.415161064000074],[120.59583046100011,16.415551558000061],[120.59593639600007,16.415886163000039],[120.59597810800005,16.416017693000072]]]},"properties":{"brgy_name":"Bagong Lipunan (Market Area)","psgc_10d":"1430300130","city_name":"Baguio City","prov_name":"Benguet","urban_rural2015":"U"}},{"type":"Feature","geometry":{"type":"Polygon","coordinates":[[[120.58302048100006,16.404392492000056],[120.58290310300004,16.404537695000045],[120.58274112400011,16.404596596000033],[120.58256783500008,16.404899230000069],[120.58226554100008,16.405165085000021],[120.58199467800011,16.40535496800004],[120.58195837700009,16.405394061000038],[120.58195558500006,16.405435947000058],[120.58199747100002,16.405455494000023],[120.58208403500009,16.405494588000067],[120.58213429800003,16.405581152000025],[120.58214267500011,16.405678886000032],[120.58213150600011,16.405796167000062],[120.58211754400008,16.405899486000067],[120.5820393570001,16.406005597000046],[120.58195279200004,16.406047483000066],[120.58189531200003,16.405837425000072],[120.58171872600008,16.405838064000022],[120.58162059100005,16.405836247000025],[120.58114546700006,16.40590157500003],[120.58111920800002,16.405914277000022],[120.58067097100002,16.405876844000034],[120.58034373500004,16.405635464000056],[120.57985261800002,16.405473640000025],[120.57955309200008,16.405163521000077],[120.57905243100004,16.405016268000054],[120.57858407600008,16.405068457000027],[120.57761728600008,16.405308755000021],[120.57699285500007,16.404792913000051],[120.57743157500011,16.403461781000033],[120.57774190300006,16.402802785000063],[120.57802578100006,16.402516228000025],[120.57824917700009,16.402274487000057],[120.57825873100001,16.401837596000064],[120.57833762600001,16.401311211000063],[120.57807718400011,16.40121266500006],[120.5775943650001,16.401060150000035],[120.57734230800008,16.400499765000063],[120.57706732500003,16.400179555000022],[120.57679388200006,16.400152846000026],[120.57658218000006,16.400018843000055],[120.57658549500002,16.399687474000075],[120.57590081500007,16.399308396000038],[120.57573094800011,16.399677154000074],[120.57558179900002,16.399915082000064],[120.5755427360001,16.399954145000038],[120.57528975300011,16.39993157300006],[120.57530383100004,16.399804872000061],[120.57531790900009,16.399635937000028],[120.5752112560001,16.399658577000025],[120.5751214930001,16.399675839000054],[120.57504554000002,16.399675839000054],[120.57464506000008,16.399485957000024],[120.57437055000003,16.399395659000049],[120.57348801500007,16.400906129000077],[120.56919283600007,16.399820972000043],[120.57012147400008,16.397452452000039],[120.57125960600001,16.394611337000072],[120.57142373900001,16.394148293000057],[120.5715447450001,16.39330521200003],[120.57180512900004,16.393158895000056],[120.57212283100012,16.392982394000057],[120.57266557100002,16.392779418000032],[120.57303622400002,16.392616154000052],[120.57330980000006,16.392580854000073],[120.57345541400002,16.392638217000069],[120.57361867700001,16.392832368000029],[120.57373781500007,16.392969156000049],[120.57392755400008,16.393163307000066],[120.57408640500012,16.393273620000059],[120.57414734000008,16.393317565000075],[120.57439573200008,16.393257208000023],[120.57463420300007,16.393033044000049],[120.5750634530001,16.392651489000059],[120.57530192400009,16.392494098000043],[120.57554993500003,16.392417787000056],[120.57591760300011,16.392236677000028],[120.5760460140001,16.392518006000046],[120.57613230800007,16.392729222000071],[120.57623095200006,16.392940722000048],[120.57628489700005,16.392999721000024],[120.57635248300005,16.392998845000022],[120.57646869700011,16.392933830000061],[120.57669593900005,16.392798056000061],[120.57687559300007,16.39270822800006],[120.57697598800007,16.392697661000057],[120.57706581500008,16.392729364000047],[120.57728037600009,16.393086966000055],[120.57747786500011,16.393402001000027],[120.5776477930001,16.393284091000055],[120.57777263900005,16.393304898000054],[120.5778281260001,16.393336110000064],[120.57790788800003,16.393571929000075],[120.57792176000009,16.39366556300007],[120.57798765000007,16.393686371000058],[120.57814370700009,16.393630884000061],[120.5785459870001,16.393440148000025],[120.57876793500009,16.393256347000033],[120.57897601100001,16.393069079000043],[120.57911819600008,16.393044804000056],[120.57924198900002,16.393096924000076],[120.57919007900011,16.392499951000048],[120.57917969700009,16.392380557000024],[120.57904472900009,16.391731673000038],[120.57892014300012,16.391383871000073],[120.57882151300009,16.391165846000035],[120.57840103600006,16.390667503000032],[120.57831601700002,16.390565990000027],[120.57862365300002,16.390439624000066],[120.57869078400006,16.390513397000063],[120.57886338100002,16.390506418000029],[120.5790353110001,16.390512393000051],[120.57915916700006,16.390351123000073],[120.57926130100009,16.38978142600007],[120.57932021400006,16.389547130000039],[120.5794872140001,16.389178578000042],[120.57967149100011,16.389241922000053],[120.57971180100003,16.389302388000033],[120.57970316300009,16.389377250000052],[120.5799463190001,16.389229155000066],[120.58011928200006,16.388766513000064],[120.58019724300004,16.388243727000031],[120.58021918800011,16.388087132000067],[120.58021936500006,16.388010845000053],[120.58035862400004,16.387890737000077],[120.58056121900006,16.387861795000049],[120.58066871900007,16.38782044900006],[120.58071419900011,16.387675738000041],[120.58072246800009,16.387617854000041],[120.58078448700007,16.387539296000057],[120.5809250640001,16.387452470000028],[120.58108631300001,16.387303624000026],[120.58143361900011,16.387043145000064],[120.5816031380001,16.386844684000039],[120.58300189500005,16.386375331000067],[120.58487125300007,16.385291918000064],[120.58539164900003,16.384990490000064],[120.58569910300002,16.385502606000045],[120.58675750900011,16.38726353900006],[120.58709370000008,16.387818659000061],[120.58717808000006,16.388053695000053],[120.58717060600009,16.388117218000048],[120.58716873800006,16.388203162000025],[120.58721544700006,16.388332078000076],[120.58722665700009,16.38842175800005],[120.58719676300007,16.388496491000069],[120.58714071300005,16.388546937000058],[120.58709587300007,16.388535727000033],[120.5870622430001,16.388474071000076],[120.58701927100003,16.388440441000057],[120.58689035500004,16.388423626000076],[120.58682870000007,16.388472203000049],[120.58676330800006,16.388593645000071],[120.58672407300003,16.388715087000037],[120.58669604800002,16.388804768000057],[120.58666802300002,16.38890192100007],[120.58663252400004,16.38900841700007],[120.58655779100002,16.389073809000024],[120.58645316400009,16.389116780000052],[120.58626819800008,16.389148542000044],[120.58609817900003,16.389215802000024],[120.58601784100006,16.389320429000065],[120.58597673700001,16.389408241000069],[120.58596365900007,16.389501658000029],[120.58592816000009,16.389613759000042],[120.58581045500011,16.38969970200003],[120.58608156900004,16.390519450000056],[120.58604274700008,16.390661800000032],[120.58615921500007,16.391056497000022],[120.5861721550001,16.391289434000043],[120.58603627600007,16.391638838000063],[120.58584216300005,16.391923537000025],[120.58573216500008,16.392130592000058],[120.58575804700001,16.392311764000056],[120.58521059200007,16.394791644000065],[120.58530110800007,16.394908561000022],[120.58553116900009,16.395221596000056],[120.58565185800001,16.395263082000042],[120.58592017500007,16.396639427000025],[120.58574971000007,16.396862929000065],[120.58566718700001,16.396936915000026],[120.58567003300004,16.397022283000069],[120.58579808500008,16.39713895400007],[120.58603711700005,16.397247087000039],[120.58613671400008,16.397298308000074],[120.58615378800005,16.39732391900003],[120.58613671400008,16.397392214000035],[120.58613102300001,16.397477582000022],[120.58613956000011,16.39755156800004],[120.58617586800005,16.397640808000062],[120.58610209300002,16.397707557000047],[120.5860810150001,16.397914829000058],[120.58605642300006,16.398122100000023],[120.58610209300002,16.398234519000027],[120.58622505100004,16.398325859000067],[120.58637611300003,16.39838558100007],[120.58646745400006,16.398480435000067],[120.5865412280001,16.398810664000052],[120.58644236400005,16.398851859000047],[120.58615331200008,16.398734098000034],[120.58590708300005,16.398851859000047],[120.58548956300001,16.398809037000035],[120.58504730300001,16.399073615000077],[120.58482158700008,16.399963453000055],[120.58485960900009,16.400096176000034],[120.58503326700009,16.400205516000028],[120.58518763000006,16.400301993000028],[120.58494852700005,16.400711676000071],[120.58417571500001,16.401189704000046],[120.58361004900007,16.401731469000026],[120.58323559300004,16.401787239000043],[120.5829328420001,16.401755371000036],[120.58101051500012,16.402168063000033],[120.58067017600001,16.402241366000055],[120.58192101600002,16.403197422000062],[120.5823432740001,16.403834793000044],[120.58302048100006,16.404392492000056]]]},"properties":{"brgy_name":"Bakakeng Central","psgc_10d":"1430300004","city_name":"Baguio City","prov_name":"Benguet","urban_rural2015":"U"}},{"type":"Feature","geometry":{"type":"Polygon","coordinates":[[[120.59162043400011,16.399386678000042],[120.59012628300002,16.398760006000032],[120.58954462800011,16.39846093500006],[120.58941158500011,16.398723610000047],[120.58928195400006,16.39891805700006],[120.58918302500001,16.399102270000071],[120.58912855900007,16.399299833000043],[120.58904776000008,16.399598789000038],[120.58876969900007,16.399823251000043],[120.5885685720001,16.399919442000055],[120.58840242300005,16.39993693200006],[120.58814882800004,16.399971910000033],[120.5879039780001,16.399963166000077],[120.5878182350001,16.399935803000062],[120.58770285000003,16.399893209000027],[120.58755822100011,16.399794360000044],[120.58736242900011,16.399625267000033],[120.58714438800007,16.399482874000057],[120.5869873900001,16.399330600000042],[120.58690658900002,16.399225208000075],[120.58682930100008,16.399105763000023],[120.58670283000004,16.399024962000055],[120.58659392400011,16.398933622000072],[120.5865412280001,16.398810664000052],[120.58646745400006,16.398480435000067],[120.58637611300003,16.39838558100007],[120.58622505100004,16.398325859000067],[120.58610209300002,16.398234519000027],[120.58605642300006,16.398122100000023],[120.5860810150001,16.397914829000058],[120.58610209300002,16.397707557000047],[120.58617586800005,16.397640808000062],[120.58613956000011,16.39755156800004],[120.58613102300001,16.397477582000022],[120.58613671400008,16.397392214000035],[120.58615378800005,16.39732391900003],[120.58613671400008,16.397298308000074],[120.58603711700005,16.397247087000039],[120.58579808500008,16.39713895400007],[120.58567003300004,16.397022283000069],[120.58566718700001,16.396936915000026],[120.58574971000007,16.396862929000065],[120.58592017500007,16.396639427000025],[120.58565185800001,16.395263082000042],[120.58553116900009,16.395221596000056],[120.58530110800007,16.394908561000022],[120.58521059200007,16.394791644000065],[120.58575804700001,16.392311764000056],[120.58573216500008,16.392130592000058],[120.58584216300005,16.391923537000025],[120.58603627600007,16.391638838000063],[120.5861721550001,16.391289434000043],[120.58615921500007,16.391056497000022],[120.58604274700008,16.390661800000032],[120.58608156900004,16.390519450000056],[120.58581045500011,16.38969970200003],[120.58592816000009,16.389613759000042],[120.58596365900007,16.389501658000029],[120.58597673700001,16.389408241000069],[120.58601784100006,16.389320429000065],[120.58609817900003,16.389215802000024],[120.58626819800008,16.389148542000044],[120.58645316400009,16.389116780000052],[120.58655779100002,16.389073809000024],[120.58663252400004,16.38900841700007],[120.58666802300002,16.38890192100007],[120.58669604800002,16.388804768000057],[120.58672407300003,16.388715087000037],[120.58676330800006,16.388593645000071],[120.58682870000007,16.388472203000049],[120.58689035500004,16.388423626000076],[120.58701927100003,16.388440441000057],[120.5870622430001,16.388474071000076],[120.58709587300007,16.388535727000033],[120.58714071300005,16.388546937000058],[120.58719676300007,16.388496491000069],[120.58722665700009,16.38842175800005],[120.58721544700006,16.388332078000076],[120.58716873800006,16.388203162000025],[120.58717060600009,16.388117218000048],[120.58717808000006,16.388053695000053],[120.58709370000008,16.387818659000061],[120.58675750900011,16.38726353900006],[120.58569910300002,16.385502606000045],[120.58539164900003,16.384990490000064],[120.58910610900011,16.383100078000041],[120.58885169900009,16.382951672000047],[120.58848280500001,16.382832947000054],[120.58831319800004,16.382786305000025],[120.58823687500001,16.382676061000041],[120.58825383600004,16.382557337000037],[120.58830471800002,16.382485254000073],[120.58859304900011,16.382472533000055],[120.58876265600009,16.382459813000025],[120.58887714000002,16.382362289000071],[120.58889410100005,16.382260525000049],[120.58883049800011,16.382209643000067],[120.58875417500008,16.382163001000038],[120.58866513200007,16.382107879000046],[120.58846160400003,16.382107879000046],[120.58832167900005,16.382027316000062],[120.58837256100003,16.381870430000049],[120.58862697100005,16.381738985000027],[120.58894074300008,16.381560898000032],[120.58918243200003,16.381285287000026],[120.58942836200004,16.381094480000058],[120.58957252700009,16.380840070000033],[120.58971669300001,16.380598381000027],[120.59000078400004,16.380259168000066],[120.59017039000003,16.380064120000043],[120.59019583100007,16.379826671000046],[120.59026367400008,16.379601942000022],[120.59045872100012,16.379385694000064],[120.59059016700007,16.379216087000032],[120.59055624500002,16.37880479100005],[120.59050112300008,16.378469818000042],[120.59039935900012,16.378109404000043],[120.59028063500011,16.377787152000053],[120.59011526800009,16.377507301000037],[120.59000502400011,16.37723593000004],[120.5899668620001,16.376934879000032],[120.59006862600006,16.376379417000066],[120.59006438600011,16.375963881000075],[120.59006438600011,16.375658589000068],[120.58986933900007,16.37532361600006],[120.59016191000001,16.375120088000074],[120.59077249400002,16.374793596000075],[120.59140003800007,16.374403501000074],[120.59204454300004,16.374301737000053],[120.59220566900001,16.374289016000034],[120.59254912200004,16.374216933000071],[120.59279505200004,16.374034606000066],[120.59296465900002,16.373924362000025],[120.59314698600008,16.373920122000072],[120.59337171400011,16.373894681000024],[120.59354980100011,16.37375051500004],[120.59370244700006,16.373449464000032],[120.59413918400003,16.372902483000075],[120.59443175500007,16.372766797000054],[120.59469040500005,16.372783758000026],[120.59485577200007,16.372915203000048],[120.59506778000002,16.373012727000059],[120.59519498500003,16.37300424600005],[120.59541971400006,16.372910963000038],[120.59555115900002,16.372877042000027],[120.59570380500008,16.372919443000058],[120.59583525000005,16.373016967000069],[120.59617022300006,16.373195054000064],[120.5964924750001,16.373487625000053],[120.59694193300004,16.373623310000028],[120.59734898800002,16.373754756000039],[120.59762459900003,16.37374627500003],[120.59812069800012,16.373678433000066],[120.59873128200002,16.373483385000043],[120.59739984900011,16.375796642000068],[120.59590553300006,16.378703158000064],[120.59596174600006,16.378699758000039],[120.59667581500003,16.37844115200005],[120.59743935900008,16.378320808000069],[120.59753063400001,16.378704452000022],[120.59763010200004,16.37911703900005],[120.59780011500004,16.379264649000049],[120.59793560500009,16.379908026000066],[120.59783884800004,16.380232693000039],[120.59763087800002,16.380696959000034],[120.59730275600009,16.381068743000071],[120.59702947000005,16.381416784000066],[120.59661630200003,16.381645599000024],[120.59650322400012,16.384460662000038],[120.59630651600003,16.385073484000031],[120.59545915700005,16.386707677000061],[120.5941558940001,16.38673798700006],[120.59402808800007,16.386687778000066],[120.59391854000012,16.386742552000044],[120.59342557600007,16.387240081000073],[120.59293073700007,16.387942345000056],[120.59336323400009,16.388311239000075],[120.59374060900006,16.388803099000029],[120.59393141600003,16.389040548000025],[120.59415614500006,16.389065989000073],[120.5943596730001,16.389087190000055],[120.59468996900011,16.389167084000064],[120.59485390000009,16.389249755000037],[120.59575797700006,16.389685389000022],[120.59615520200009,16.389960931000076],[120.59524874300007,16.390766097000039],[120.59512786100004,16.39101495500006],[120.5948021480001,16.391682791000051],[120.59446936400002,16.391901326000038],[120.59412458600002,16.392127539000057],[120.59346181000001,16.392760243000055],[120.59343906900006,16.393112944000052],[120.59342509600003,16.39332685100004],[120.59340644400004,16.393424773000049],[120.59338312900002,16.393723205000072],[120.59313648400007,16.394205293000027],[120.59298245100001,16.39458240600004],[120.59289840500003,16.394645440000033],[120.5928632670001,16.394744952000053],[120.59289818000002,16.394811870000069],[120.59343769800012,16.395272280000029],[120.59351824100008,16.395265276000032],[120.59379489100002,16.395335314000022],[120.59402601700003,16.395433367000066],[120.59433768600002,16.395510409000053],[120.59454394800002,16.395596564000073],[120.59410977800007,16.396251066000048],[120.59361765600011,16.396489015000043],[120.59274697900003,16.397002769000039],[120.59292678000008,16.397716215000059],[120.59162043400011,16.399386678000042]],[[120.59230129600007,16.389757991000067],[120.59230129600007,16.389676845000054],[120.5923869500001,16.389559633000033],[120.59256727600007,16.389473978000069],[120.59262588200011,16.389383815000031],[120.59296362300006,16.389083910000068],[120.59273923900003,16.388599713000076],[120.59215597400009,16.387835013000029],[120.59172649600009,16.387158813000042],[120.59154374000002,16.386930368000037],[120.5913203340001,16.386823625000034],[120.59101718000011,16.387036955000042],[120.59045017200003,16.387328880000041],[120.59034912100003,16.387385019000078],[120.59022055100002,16.387469485000054],[120.59009107100007,16.387523062000071],[120.58996396600003,16.387696273000074],[120.59063711700003,16.388723715000026],[120.59031235100008,16.388859526000033],[120.59010568200006,16.388924479000025],[120.58989375600004,16.38899516400005],[120.58924968400004,16.389318790000061],[120.58857373000001,16.389728459000025],[120.58840474100009,16.389549229000067],[120.58824087300002,16.389344395000023],[120.58815894000008,16.389262461000044],[120.58804628100006,16.389231735000067],[120.58780047900007,16.389405845000056],[120.58777999600011,16.389682372000038],[120.58832280700005,16.391034280000042],[120.58882465200008,16.391694872000073],[120.58931625500009,16.392345221000028],[120.58944939800006,16.392534693000073],[120.58997684700012,16.392631990000041],[120.5907145970001,16.392767394000032],[120.59066936200009,16.392503525000052],[120.5906635020001,16.391825652000023],[120.59048385500012,16.391331625000078],[120.59040526000001,16.391062155000043],[120.59073086900003,16.390787072000023],[120.59087356700002,16.390665474000059],[120.59100033900006,16.390534444000025],[120.59141021400001,16.390310197000076],[120.59180511600005,16.390012510000076],[120.59210034200009,16.389986842000042],[120.59220662400003,16.389884219000066],[120.59230129600007,16.389757991000067]]]},"properties":{"brgy_name":"Bakakeng North","psgc_10d":"1430300005","city_name":"Baguio City","prov_name":"Benguet","urban_rural2015":"U"}},{"type":"Feature","geometry":{"type":"Polygon","coordinates":[[[120.60456540900009,16.407441086000063],[120.60426560200005,16.407583100000068],[120.60389464200011,16.407640006000065],[120.60372190100009,16.407640006000065],[120.60367131800001,16.407626096000058],[120.60361385600004,16.407487230000072],[120.60349414500001,16.407448923000061],[120.6033983750001,16.407515961000058],[120.60323556700007,16.407630884000071],[120.60315416300011,16.407717077000029],[120.60314937500004,16.40804748100004],[120.6030009320001,16.408124096000051],[120.60285545700003,16.40821932800003],[120.60283016500011,16.408089707000045],[120.60288286200011,16.407723529000066],[120.60281933100009,16.407042013000023],[120.6027500240001,16.406868746000043],[120.60272114600002,16.40673590800003],[120.60275580000007,16.406603070000074],[120.60273269700008,16.40641247700006],[120.60266339100008,16.406164127000068],[120.60263451300011,16.405910003000031],[120.60262296200005,16.405713633000062],[120.60261755300007,16.405530101000068],[120.60189684000011,16.405499653000049],[120.60177582500012,16.405493977000049],[120.60206906900009,16.405203473000029],[120.6028566650001,16.404726372000027],[120.60349409900005,16.404551808000065],[120.60377620300005,16.40499640400003],[120.60383488100001,16.405000918000042],[120.60385294200012,16.405022933000055],[120.6041756620001,16.405398121000076],[120.60422677100007,16.405511860000047],[120.60404025200012,16.405547072000047],[120.60400414300011,16.406147389000068],[120.60401070100011,16.406186595000065],[120.60435134800002,16.406190325000068],[120.60440280300008,16.406921141000055],[120.60456540900009,16.407441086000063]]]},"properties":{"brgy_name":"Bal-Marcoville (Marcoville)","psgc_10d":"1430300068","city_name":"Baguio City","prov_name":"Benguet","urban_rural2015":"U"}},{"type":"Feature","geometry":{"type":"Polygon","coordinates":[[[120.59535220000009,16.399271759000044],[120.59502179800006,16.399261070000023],[120.59480946500003,16.399287612000023],[120.59466348500007,16.399287612000023],[120.5944644220001,16.399320789000058],[120.59393003700006,16.399413831000061],[120.5938255960001,16.399563033000049],[120.59376106600007,16.399612748000038],[120.59365827600004,16.399625911000044],[120.59351120600002,16.39959820200005],[120.59338664900008,16.399610191000022],[120.59325718200012,16.399720712000033],[120.59303614000009,16.399919649000026],[120.59278260500002,16.400122980000049],[120.59269826200011,16.400238581000053],[120.59260037200011,16.400453308000067],[120.59271946800004,16.400597187000074],[120.59272374400007,16.400712633000069],[120.59274084700007,16.400858009000046],[120.5927451230001,16.40094780000004],[120.59284783500004,16.40116460400003],[120.59217998400004,16.401128504000042],[120.59174678400007,16.401119479000045],[120.59171646800007,16.401105170000051],[120.59099770900002,16.400875804000066],[120.59074500800011,16.400758479000046],[120.5909164840001,16.400415529000043],[120.59123235900006,16.400108678000038],[120.59125943400011,16.399901103000047],[120.59142188400006,16.399558153000044],[120.59162043400011,16.399386678000042],[120.59292678000008,16.397716215000059],[120.59274697900003,16.397002769000039],[120.59361765600011,16.396489015000043],[120.59410977800007,16.396251066000048],[120.59513187800007,16.396910834000039],[120.59561859200005,16.397062256000027],[120.59593225200001,16.397192047000033],[120.59605692600007,16.397290347000023],[120.59564552900008,16.398285661000045],[120.59547300800011,16.398690423000062],[120.59535220000009,16.399271759000044]]]},"properties":{"brgy_name":"Balsigan","psgc_10d":"1430300007","city_name":"Baguio City","prov_name":"Benguet","urban_rural2015":"R"}},{"type":"Feature","geometry":{"type":"Polygon","coordinates":[[[120.60925259200008,16.427916980000077],[120.60901487700005,16.428083886000024],[120.60874175800006,16.428235619000077],[120.60855967800001,16.428448045000039],[120.60843829200007,16.428478392000045],[120.60798309300003,16.428665529000057],[120.60786735800002,16.428595825000059],[120.60779089800008,16.428544143000067],[120.60763410700008,16.428392410000072],[120.60731526800009,16.427903603000061],[120.6077463260001,16.427976458000046],[120.60799524600009,16.427891460000069],[120.60810452800001,16.427830748000076],[120.60817131200008,16.427703252000072],[120.6082502380001,16.427369334000048],[120.60817738300011,16.42723576700007],[120.60778882400007,16.427071844000068],[120.60761275800007,16.426992918000053],[120.60733348200006,16.426743997000074],[120.60746242500011,16.426404755000021],[120.60759169000005,16.426219765000042],[120.60765270600007,16.426369628000032],[120.60850755800004,16.426609026000051],[120.6089157020001,16.426752899000064],[120.60920046700005,16.426842825000051],[120.60884424800008,16.427688544000034],[120.60925259200008,16.427916980000077]]]},"properties":{"brgy_name":"Bayan Park East","psgc_10d":"1430300010","city_name":"Baguio City","prov_name":"Benguet","urban_rural2015":"R"}},{"type":"Feature","geometry":{"type":"Polygon","coordinates":[[[120.60763410700008,16.428392410000072],[120.60751777900009,16.428448045000039],[120.60731041100007,16.428468276000046],[120.60722427200005,16.428513881000072],[120.60693613600006,16.428781857000047],[120.60680969200007,16.428913359000035],[120.60664784400001,16.428923475000033],[120.60632414700001,16.428872897000076],[120.60587259500005,16.428831444000025],[120.60574774100007,16.428823301000023],[120.60540616000003,16.428763379000031],[120.60512241800006,16.428276463000032],[120.60495145300001,16.427920438000058],[120.60479028400005,16.427291951000029],[120.60491439500004,16.427275708000025],[120.60511072800011,16.427209552000022],[120.60531559700007,16.427196748000028],[120.60564928800011,16.427306602000044],[120.60598055600008,16.427095457000064],[120.60616428100002,16.426909070000022],[120.60619623300011,16.426762623000059],[120.60609689700004,16.426353630000051],[120.60594528700005,16.426057631000049],[120.60629530000006,16.426185443000065],[120.60658486600005,16.426300216000072],[120.60685385400006,16.42641007900005],[120.60733348200006,16.426743997000074],[120.60761275800007,16.426992918000053],[120.60778882400007,16.427071844000068],[120.60817738300011,16.42723576700007],[120.6082502380001,16.427369334000048],[120.60817131200008,16.427703252000072],[120.60810452800001,16.427830748000076],[120.60799524600009,16.427891460000069],[120.6077463260001,16.427976458000046],[120.60731526800009,16.427903603000061],[120.60763410700008,16.428392410000072]]]},"properties":{"brgy_name":"Bayan Park Village","psgc_10d":"1430300132","city_name":"Baguio City","prov_name":"Benguet","urban_rural2015":"R"}},{"type":"Feature","geometry":{"type":"Polygon","coordinates":[[[120.60404714300012,16.430413588000022],[120.60388510600001,16.430437721000033],[120.6038023640001,16.430482539000025],[120.60366101400007,16.430606652000051],[120.60358171900009,16.430613547000064],[120.60345760700011,16.430568729000072],[120.60330246500007,16.430382560000055],[120.60327488500002,16.430182600000023],[120.6031094010001,16.430065382000066],[120.60295081200002,16.43002745900003],[120.60271982500001,16.429996431000063],[120.60254055100006,16.429906794000033],[120.60240264700008,16.429855080000038],[120.60219579300008,16.429820604000042],[120.60208202300009,16.429761995000035],[120.60198204300002,16.429572379000035],[120.60184069200011,16.429527560000054],[120.60173381700008,16.429582721000031],[120.60157440100011,16.429547711000055],[120.59988094100004,16.428877730000067],[120.59983204800005,16.428714754000055],[120.59980194100001,16.428655711000033],[120.59967611900004,16.428396813000063],[120.59964016600009,16.428341154000066],[120.59947670400004,16.42804144400003],[120.59928028700006,16.427648608000027],[120.59924973300008,16.427535122000052],[120.59928392400002,16.427324155000065],[120.59938286000011,16.427167021000059],[120.59951380600012,16.427085544000022],[120.59973786700004,16.427024436000067],[120.5998077050001,16.426954598000066],[120.59982225400006,16.426861482000049],[120.59978442600004,16.426780005000069],[120.59969712900011,16.426701438000066],[120.59977338700003,16.426696994000054],[120.59986117300002,16.426707322000027],[120.59991394800011,16.426728312000023],[120.60039396100001,16.426878316000057],[120.60066996900002,16.426980319000052],[120.60082897400002,16.426944318000039],[120.60117698400006,16.426707312000076],[120.60127298700002,16.426614309000058],[120.60147399200002,16.426572308000061],[120.60173800000007,16.426656310000055],[120.6018711050001,16.426596285000073],[120.60193030800008,16.426688410000054],[120.60204227000008,16.426752101000034],[120.60226127900012,16.426717747000055],[120.60263446300007,16.426615178000077],[120.60284852600012,16.426547579000044],[120.60310202200003,16.426558846000034],[120.60318404200007,16.426548307000076],[120.60356805300012,16.426401303000034],[120.60373305700011,16.426287299000023],[120.60382306000008,16.426320300000043],[120.60399106500006,16.426431304000062],[120.60405406700011,16.426530306000075],[120.6040570670001,16.426659310000048],[120.60408723800003,16.42682201100007],[120.60423501600008,16.426898979000043],[120.60434277100001,16.426917451000065],[120.6044382120001,16.42693592300003],[120.60478610700011,16.426800460000038],[120.60493388600003,16.426729649000038],[120.60503856200012,16.426794302000076],[120.60510370000009,16.426877546000071],[120.60511072800011,16.427209552000022],[120.60491439500004,16.427275708000025],[120.60479028400005,16.427291951000029],[120.60495145300001,16.427920438000058],[120.60512241800006,16.428276463000032],[120.60540616000003,16.428763379000031],[120.60574774100007,16.428823301000023],[120.60539218000008,16.429029581000066],[120.60522389900007,16.429078437000044],[120.60499590500001,16.429124579000074],[120.60489819300005,16.429138150000028],[120.60471634100008,16.429092008000055],[120.60452363200011,16.429192434000072],[120.60429282700011,16.429224591000036],[120.60422049300007,16.429272814000058],[120.60412577500006,16.429403121000064],[120.60406652800009,16.429481687000077],[120.60402597500001,16.429539571000078],[120.60398768400012,16.429525647000048],[120.6039667980001,16.429501280000068],[120.60359963600001,16.429801870000063],[120.60390132300006,16.430222773000025],[120.60404714300012,16.430413588000022]]]},"properties":{"brgy_name":"Bayan Park West (Bayan Park)","psgc_10d":"1430300008","city_name":"Baguio City","prov_name":"Benguet","urban_rural2015":"U"}},{"type":"Feature","geometry":{"type":"Polygon","coordinates":[[[120.5996068820001,16.399712279000028],[120.59936978700011,16.400083082000037],[120.59853199400004,16.401148374000059],[120.59829006400003,16.401418362000072],[120.59777895200011,16.40168669600007],[120.59627854400003,16.401984331000051],[120.59568727900012,16.402299327000037],[120.59489929600011,16.401942289000033],[120.59394598300003,16.401545285000054],[120.59408583000004,16.401373372000023],[120.59411077000004,16.401211256000067],[120.59424681900009,16.401033993000055],[120.59451255500005,16.400777216000051],[120.59549955000011,16.400289562000069],[120.59549408100008,16.400191015000075],[120.59528417700005,16.39959699700006],[120.59535220000009,16.399271759000044],[120.59547300800011,16.398690423000062],[120.59564552900008,16.398285661000045],[120.59605692600007,16.397290347000023],[120.59669680200011,16.397621870000023],[120.59708294500001,16.397384918000057],[120.5976709360001,16.39720062300006],[120.59806585500007,16.397235727000066],[120.59854853400009,16.397191847000045],[120.59884699300005,16.397077625000065],[120.59898026100007,16.397283586000071],[120.59924856900011,16.397462868000048],[120.59952545100009,16.397477431000027],[120.59969176300001,16.397520461000056],[120.59995245800008,16.397730699000022],[120.60002217900001,16.397816660000046],[120.60009790400011,16.398172859000056],[120.60016425800006,16.398756777000074],[120.60015544800001,16.399088769000059],[120.59997371800011,16.399306845000069],[120.5996068820001,16.399712279000028]]]},"properties":{"brgy_name":"BGH Compound","psgc_10d":"1430300131","city_name":"Baguio City","prov_name":"Benguet","urban_rural2015":"R"}},{"type":"Feature","geometry":{"type":"Polygon","coordinates":[[[120.60347714300008,16.421105118000071],[120.60327177400006,16.421162622000054],[120.60292675300002,16.421146192000037],[120.60272862600004,16.421889053000029],[120.60263873200006,16.421884772000055],[120.60250603100008,16.421897614000045],[120.60239901400007,16.421940421000045],[120.60236048800004,16.422008912000024],[120.60214645400004,16.422017473000039],[120.60190673600005,16.422103087000039],[120.60176119200003,16.422218665000059],[120.60167129800004,16.422270033000075],[120.60158140400006,16.422359928000049],[120.60139305400003,16.422436980000043],[120.60131215700005,16.422460801000057],[120.60120165000001,16.422534489000043],[120.60084841500009,16.422263402000056],[120.6005857450001,16.422069068000042],[120.60038017300008,16.421910166000032],[120.60011523300011,16.421665260000054],[120.59995300500009,16.421458354000038],[120.59986489700009,16.421356886000069],[120.59976593900001,16.421233235000045],[120.60015333000001,16.420892236000043],[120.60057951900001,16.42062840400007],[120.60095111600003,16.42043104000004],[120.60106659200005,16.420371338000052],[120.60137101300006,16.420317219000026],[120.60181073100011,16.420154861000071],[120.60201367800005,16.42000603300005],[120.60241280800005,16.419776026000022],[120.60282546700012,16.419579844000054],[120.60305547400003,16.419586609000078],[120.60319753700003,16.41967455300005],[120.60329901000011,16.41997897400006],[120.60334433900005,16.420407562000037],[120.60343175000003,16.420524110000031],[120.60360343100001,16.420587815000033],[120.60372358600011,16.420973682000067],[120.60347714300008,16.421105118000071]]]},"properties":{"brgy_name":"Brookside","psgc_10d":"1430300012","city_name":"Baguio City","prov_name":"Benguet","urban_rural2015":"R"}},{"type":"Feature","geometry":{"type":"Polygon","coordinates":[[[120.61122628400005,16.428175457000066],[120.6105573750001,16.428356243000053],[120.60968921500012,16.428019995000056],[120.60925259200008,16.427916980000077],[120.60884424800008,16.427688544000034],[120.60920046700005,16.426842825000051],[120.6089157020001,16.426752899000064],[120.60850755800004,16.426609026000051],[120.60765270600007,16.426369628000032],[120.60759169000005,16.426219765000042],[120.60777971500011,16.425948383000048],[120.60773204800012,16.425190040000075],[120.60754137900005,16.424986371000045],[120.60772338100003,16.424869369000078],[120.60775371500006,16.424492364000059],[120.60784038300005,16.424340695000069],[120.60750578200009,16.424282682000069],[120.60739486800003,16.42406330600005],[120.60734950300002,16.423898859000076],[120.60736084500002,16.423822306000034],[120.60741188000009,16.42370605900004],[120.60747077000008,16.423507011000027],[120.60745111100005,16.423276206000025],[120.60753051400002,16.423284714000033],[120.60765245200002,16.423242177000077],[120.60781125700009,16.423125909000078],[120.6080296130001,16.422921733000067],[120.60824513300008,16.422785615000066],[120.60844647400006,16.42270054100004],[120.60858826300012,16.422737406000067],[120.60869885900001,16.422762928000054],[120.6088037830001,16.422771436000062],[120.60885482800006,16.422706212000037],[120.60887751400003,16.422601288000067],[120.60884915600002,16.422504871000058],[120.60882930500009,16.422382932000062],[120.60884632000011,16.422317709000026],[120.60891437900011,16.422238307000043],[120.60904482600006,16.42222696400006],[120.60920363000002,16.422272337000038],[120.60933124000007,16.422363082000061],[120.60938228500004,16.422431141000061],[120.6094985520001,16.42245949900007],[120.60959213300009,16.42245949900007],[120.6097424300001,16.422374425000044],[120.60993526400011,16.422255322000069],[120.61035158700008,16.423311585000022],[120.61057545300002,16.423872743000061],[120.61070230500002,16.425048801000059],[120.61064776800004,16.42649414400006],[120.61122628400005,16.428175457000066]]]},"properties":{"brgy_name":"Brookspoint","psgc_10d":"1430300011","city_name":"Baguio City","prov_name":"Benguet","urban_rural2015":"R"}},{"type":"Feature","geometry":{"type":"Polygon","coordinates":[[[120.61271647900003,16.412080101000072],[120.61267491900003,16.412214122000023],[120.61199445000011,16.412877363000064],[120.61123645900011,16.413239132000058],[120.61021144900008,16.413333881000028],[120.60904600100002,16.414662330000056],[120.60873652600003,16.414544567000064],[120.60831841700008,16.414342805000047],[120.60817158400005,16.414288647000035],[120.60810432100004,16.414232595000044],[120.60802584800001,16.414165332000039],[120.60797726900012,16.414086859000065],[120.60784274300011,16.413888807000035],[120.60769327000003,16.41361975600006],[120.60745037600009,16.413395546000061],[120.60703932600006,16.413190021000048],[120.60643351200008,16.413036820000059],[120.60577208800009,16.412849751000067],[120.6050438530001,16.412642638000023],[120.60385462600004,16.412809664000065],[120.60320088000003,16.410444783000059],[120.60311939500002,16.409991298000023],[120.60306334300003,16.409740930000055],[120.60291387000007,16.409456931000022],[120.60277560700001,16.409105670000031],[120.60266723900008,16.409030933000054],[120.60287708700002,16.408843989000047],[120.6029752710001,16.408711151000034],[120.6029521690001,16.408589864000078],[120.60285545700003,16.40821932800003],[120.6030009320001,16.408124096000051],[120.60314937500004,16.40804748100004],[120.60315416300011,16.407717077000029],[120.60323556700007,16.407630884000071],[120.6033983750001,16.407515961000058],[120.60349414500001,16.407448923000061],[120.60361385600004,16.407487230000072],[120.60367131800001,16.407626096000058],[120.60372190100009,16.407640006000065],[120.60389464200011,16.407640006000065],[120.60426560200005,16.407583100000068],[120.60456540900009,16.407441086000063],[120.60520478800004,16.408384045000048],[120.60686834500007,16.409943442000042],[120.6076357180001,16.409699278000062],[120.60932161500011,16.409431860000041],[120.61021688400001,16.409396980000054],[120.61051918200008,16.409489994000069],[120.61061218600003,16.41041245100007],[120.61082457300006,16.41065052600004],[120.61098934600011,16.411392032000037],[120.61103140500006,16.411514354000076],[120.61115915500011,16.411654270000042],[120.61139640300007,16.411715103000063],[120.61163365200002,16.411903685000027],[120.61193781700001,16.412147017000052],[120.61208381600011,16.412232184000061],[120.61233323100009,16.412195684000039],[120.61253398000008,16.412104434000071],[120.61271647900003,16.412080101000072]]]},"properties":{"brgy_name":"Cabinet Hill-Teacher's Camp","psgc_10d":"1430300013","city_name":"Baguio City","prov_name":"Benguet","urban_rural2015":"U"}},{"type":"Feature","geometry":{"type":"Polygon","coordinates":[[[120.59068345700007,16.411946410000041],[120.59023599400007,16.411970781000036],[120.58996688600007,16.411899063000078],[120.58984168100005,16.411822914000027],[120.58946708400003,16.411591255000076],[120.58921672300005,16.411859888000038],[120.58854970200002,16.411766114000045],[120.58846880400006,16.410743830000058],[120.58844089400009,16.410473859000035],[120.58872524800006,16.410418004000064],[120.5890146800001,16.410463703000062],[120.58917850600005,16.410375496000029],[120.58916609700009,16.410135776000061],[120.5890125840001,16.409736643000031],[120.59063903400011,16.409536121000031],[120.59057274700001,16.409911803000057],[120.59056891300008,16.41027219700004],[120.59057557900007,16.410527887000057],[120.59057767100001,16.410742069000037],[120.59084500500001,16.410875736000037],[120.59077450500001,16.411046078000027],[120.59067338200009,16.411289040000042],[120.59063560200002,16.411538387000064],[120.59068345700007,16.411946410000041]]]},"properties":{"brgy_name":"City Camp Proper","psgc_10d":"1430300023","city_name":"Baguio City","prov_name":"Benguet","urban_rural2015":"R"}},{"type":"Feature","geometry":{"type":"Polygon","coordinates":[[[120.59539630100005,16.429432339000073],[120.59509431400011,16.429580120000026],[120.59461876100011,16.42923791000004],[120.59451670500005,16.429136973000027],[120.59436777800011,16.428978332000042],[120.59429296500002,16.429021796000029],[120.59421128300005,16.429096356000059],[120.59407562700005,16.429046328000027],[120.59392391100005,16.42907910100007],[120.59378617100003,16.429041261000066],[120.59366416800003,16.428838658000075],[120.59352708400002,16.428739779000068],[120.5933581590001,16.428651459000037],[120.59328101600011,16.428686554000024],[120.59321425500002,16.428769707000072],[120.59318424000003,16.428588409000042],[120.59311615900003,16.428458731000035],[120.59303511000007,16.42840037600007],[120.59287301300003,16.428338779000057],[120.59281141600002,16.428293391000068],[120.59276636900006,16.428075634000038],[120.59259040100005,16.428013496000062],[120.59239944400008,16.42796310500006],[120.59192512300001,16.427934030000074],[120.59164091900004,16.427918018000071],[120.59156728500011,16.427729068000076],[120.59155538300001,16.427713115000074],[120.59145526700001,16.427504321000072],[120.59128414000008,16.427033265000034],[120.59134855500008,16.427021187000037],[120.59135660700008,16.426968850000037],[120.59131433400012,16.426835993000054],[120.59133849000011,16.426775604000056],[120.59120237700006,16.426509558000078],[120.5916084800001,16.425533846000064],[120.59192733100008,16.425524989000053],[120.59203847400011,16.425464555000076],[120.59224618100006,16.425356707000049],[120.59245555300004,16.425084817000027],[120.59262036500002,16.424883905000058],[120.59305050000012,16.425250915000049],[120.59334208200005,16.425498701000038],[120.59375640100006,16.425712543000031],[120.59394351300011,16.42585955900006],[120.59407716500004,16.426233783000043],[120.59410061800008,16.426936822000073],[120.59413062500005,16.427637122000021],[120.59417223800006,16.428254957000036],[120.59419894200005,16.428385513000023],[120.59430437200001,16.428532586000074],[120.59539630100005,16.429432339000073]]]},"properties":{"brgy_name":"Camdas Subdivision","psgc_10d":"1430300133","city_name":"Baguio City","prov_name":"Benguet","urban_rural2015":"U"}},{"type":"Feature","geometry":{"type":"Polygon","coordinates":[[[120.60302596700001,16.398168230000067],[120.60295082900006,16.398252398000068],[120.60289726100007,16.398280457000055],[120.60278247200006,16.398318720000077],[120.60269543100003,16.398333683000033],[120.60266513300007,16.398453916000051],[120.60261424900011,16.398613559000069],[120.60265065800002,16.398734924000053],[120.60249938800007,16.398836576000065],[120.60246675900009,16.398920478000036],[120.60240150200002,16.398990396000045],[120.60231760000011,16.399018364000028],[120.60235725300004,16.399130890000038],[120.60254600000007,16.399740854000072],[120.5996068820001,16.399712279000028],[120.59997371800011,16.399306845000069],[120.60015544800001,16.399088769000059],[120.60016425800006,16.398756777000074],[120.60009790400011,16.398172859000056],[120.60002217900001,16.397816660000046],[120.60023838000006,16.397785360000057],[120.6004780510001,16.397680242000035],[120.60054532700008,16.397591942000076],[120.60057896500007,16.397503642000061],[120.60067146900008,16.397213515000033],[120.60091534500009,16.396982254000022],[120.6008522730001,16.395926862000067],[120.60131059100001,16.39590163400004],[120.60143252800003,16.395935272000031],[120.60178993200009,16.396111871000073],[120.60186141300005,16.396225399000059],[120.60205062600005,16.396166533000041],[120.6024974390001,16.395966030000068],[120.60262179800009,16.396297656000058],[120.60279279300005,16.396494558000029],[120.60292751500003,16.396738096000036],[120.60292751500003,16.396955725000055],[120.60300005900001,16.39723553400006],[120.60311923600011,16.39742207300003],[120.6031658710001,16.397593067000059],[120.60308296500011,16.397841786000072],[120.60302596700001,16.398028326000031],[120.60302596700001,16.398168230000067]]]},"properties":{"brgy_name":"Camp 8","psgc_10d":"1430300018","city_name":"Baguio City","prov_name":"Benguet","urban_rural2015":"R"}},{"type":"Feature","geometry":{"type":"Polygon","coordinates":[[[120.59372913000004,16.417663059000063],[120.5935876210001,16.417813412000044],[120.59351686700006,16.417857634000029],[120.59338420300003,16.417773613000065],[120.59311003000005,16.417649793000066],[120.59299505400008,16.417658637000045],[120.59278664300007,16.41761389900006],[120.59250706800003,16.417648846000077],[120.59146956500001,16.417237532000058],[120.59085856400009,16.41711037500005],[120.59075639100001,16.417278960000033],[120.59064226500004,16.417402243000026],[120.5901481520001,16.417587688000026],[120.5895584220001,16.417696898000031],[120.58931575000008,16.417708087000051],[120.58880908600008,16.417797872000051],[120.58878010000001,16.417547395000042],[120.58895320000011,16.417248403000031],[120.58897680500002,16.417083171000058],[120.58874075900007,16.416508792000059],[120.58878010000001,16.416367164000064],[120.58906335500001,16.416060304000041],[120.58942868200006,16.41540899000006],[120.58992529200009,16.415341549000061],[120.59017460700011,16.41526697300003],[120.5904464250001,16.415176013000064],[120.59073377400011,16.414993200000026],[120.59085716900006,16.414914053000075],[120.59102140300001,16.414831674000027],[120.59153980100007,16.414578411000036],[120.59345211700008,16.414611922000063],[120.59355052900003,16.415277575000061],[120.59331653100003,16.415488745000061],[120.59313808700006,16.415604569000038],[120.59307664000005,16.415743613000075],[120.59333339400007,16.415955714000063],[120.59350456300001,16.416067346000034],[120.59354549500006,16.416152930000067],[120.59356782100008,16.416238515000032],[120.59353433100011,16.41640968400003],[120.59348967900007,16.416554805000033],[120.59310560800009,16.41703953800004],[120.59320731700006,16.417234112000074],[120.59333555900002,16.417455219000033],[120.59341073600001,16.417525973000068],[120.59353013300006,16.417477330000054],[120.5935876210001,16.417534817000046],[120.59372913000004,16.417663059000063]]]},"properties":{"brgy_name":"Camp Allen","psgc_10d":"1430300016","city_name":"Baguio City","prov_name":"Benguet","urban_rural2015":"R"}},{"type":"Feature","geometry":{"type":"Polygon","coordinates":[[[120.60019451700009,16.394132027000069],[120.60014241500005,16.393989616000056],[120.59999394500005,16.393703830000049],[120.59988876600005,16.393493840000076],[120.59975338900006,16.39310041300007],[120.59973254800002,16.392815590000055],[120.5998367520001,16.392610657000034],[120.59997894300011,16.392261699000073],[120.59991636200004,16.392137981000076],[120.59984282500011,16.392071797000028],[120.59974722700008,16.392071797000028],[120.5995964760001,16.392101212000057],[120.59938321800007,16.392178426000044],[120.59925820500007,16.392196811000076],[120.59914054600006,16.392182103000039],[120.59908171600011,16.392108566000047],[120.59906333200001,16.392035029000056],[120.59909274600011,16.391939431000026],[120.59883536700011,16.391957815000069],[120.59839095300003,16.392067076000046],[120.59833379800011,16.392116065000039],[120.59832971600008,16.392169137000053],[120.59837054100001,16.392242622000026],[120.59848893200001,16.392328353000039],[120.59857148200001,16.392411228000071],[120.59860299900004,16.392491772000028],[120.59855833400002,16.392585549000046],[120.59843140600003,16.392610836000074],[120.59833335300004,16.392614338000044],[120.59820028000001,16.392589825000073],[120.59793063400002,16.392439243000069],[120.59780456600004,16.392362201000026],[120.59769950900011,16.392082050000056],[120.59763997700009,16.392008510000039],[120.5975839460001,16.392005008000069],[120.59662792800009,16.39230617100003],[120.59594505700011,16.392554806000078],[120.59567541100012,16.392659863000063],[120.59534973400002,16.392775426000071],[120.59518164300005,16.392901494000057],[120.59507285800009,16.393013003000021],[120.59522484700005,16.393124740000076],[120.59528139100007,16.393170514000076],[120.59533524200003,16.393218980000029],[120.59533524200003,16.393278217000045],[120.59531100900006,16.393364379000047],[120.5953083170001,16.393455927000048],[120.59532985700002,16.393544782000049],[120.59535678300006,16.393717107000043],[120.59517800000003,16.394385482000075],[120.59484457500002,16.395306025000025],[120.59454394800002,16.395596564000073],[120.59433768600002,16.395510409000053],[120.59402601700003,16.395433367000066],[120.59379489100002,16.395335314000022],[120.59351824100008,16.395265276000032],[120.59343769800012,16.395272280000029],[120.59289818000002,16.394811870000069],[120.5928632670001,16.394744952000053],[120.59289840500003,16.394645440000033],[120.59298245100001,16.39458240600004],[120.59313648400007,16.394205293000027],[120.59338312900002,16.393723205000072],[120.59340644400004,16.393424773000049],[120.59342509600003,16.39332685100004],[120.59343906900006,16.393112944000052],[120.59346181000001,16.392760243000055],[120.59412458600002,16.392127539000057],[120.59446936400002,16.391901326000038],[120.5948021480001,16.391682791000051],[120.59512786100004,16.39101495500006],[120.59524874300007,16.390766097000039],[120.59615520200009,16.389960931000076],[120.59575797700006,16.389685389000022],[120.59485390000009,16.389249755000037],[120.59468996900011,16.389167084000064],[120.5943596730001,16.389087190000055],[120.59415614500006,16.389065989000073],[120.59393141600003,16.389040548000025],[120.59374060900006,16.388803099000029],[120.59336323400009,16.388311239000075],[120.59293073700007,16.387942345000056],[120.59342557600007,16.387240081000073],[120.59391854000012,16.386742552000044],[120.59402808800007,16.386687778000066],[120.5941558940001,16.38673798700006],[120.59545915700005,16.386707677000061],[120.59630651600003,16.385073484000031],[120.59650322400012,16.384460662000038],[120.59661630200003,16.381645599000024],[120.59702947000005,16.381416784000066],[120.59730275600009,16.381068743000071],[120.59763087800002,16.380696959000034],[120.59783884800004,16.380232693000039],[120.59793560500009,16.379908026000066],[120.59780011500004,16.379264649000049],[120.59763010200004,16.37911703900005],[120.59753063400001,16.378704452000022],[120.59743935900008,16.378320808000069],[120.59667581500003,16.37844115200005],[120.59596174600006,16.378699758000039],[120.59590553300006,16.378703158000064],[120.59739984900011,16.375796642000068],[120.59873128200002,16.373483385000043],[120.59896873100001,16.373347700000068],[120.59903657400002,16.373190814000054],[120.59899417200006,16.372978805000059],[120.59901537300004,16.372728636000033],[120.59920194000006,16.372338541000033],[120.59917649900001,16.372041729000046],[120.59894329000008,16.371660114000065],[120.59879064400002,16.371388744000058],[120.59854047500005,16.371278500000074],[120.59824790300001,16.371180976000062],[120.59809101700012,16.370820562000063],[120.59798925300004,16.370231179000029],[120.59778148500004,16.369735080000055],[120.59772931200007,16.369430554000076],[120.59776415800002,16.368989175000024],[120.59795000100007,16.368164493000052],[120.59793838600001,16.367839267000022],[120.59815907600012,16.367281735000063],[120.59818230600001,16.366759050000041],[120.60126907300003,16.365429080000069],[120.60141343300006,16.365492943000049],[120.60235397800011,16.366107844000055],[120.60269934500002,16.366359705000036],[120.60338416900004,16.366407740000056],[120.60459632300001,16.366522885000052],[120.60528566400001,16.366390817000024],[120.60539657800007,16.366380080000056],[120.6054768250001,16.366270861000032],[120.60553706900009,16.365711429000044],[120.60545510700001,16.365076222000027],[120.60517075700011,16.364089107000041],[120.60604622800008,16.363873813000055],[120.6061554800001,16.363840197000059],[120.60625212600007,16.363873813000055],[120.6063655800001,16.363945247000061],[120.60642861000008,16.364096520000032],[120.60642440800007,16.36426460000007],[120.60638659000006,16.36435704400003],[120.60626473200011,16.364533529000028],[120.60623531800002,16.364672195000026],[120.60623952000003,16.364798255000039],[120.60627733800004,16.364861285000075],[120.60636137800009,16.364949527000022],[120.60647063100009,16.364999952000062],[120.6066807310001,16.365067184000054],[120.60681099300007,16.365180638000027],[120.60693285200011,16.365369728000076],[120.60712194200005,16.365512597000077],[120.60735305300011,16.365584031000026],[120.6075253350001,16.365600839000024],[120.60763038500011,16.365642859000047],[120.60767240500002,16.365735303000065],[120.60771862700005,16.365899182000078],[120.60803798000006,16.366659745000049],[120.60817664600006,16.366857240000058],[120.60831951500006,16.366953886000033],[120.60868929100002,16.367168188000051],[120.60886997800003,16.367294249000054],[120.60892040200008,16.367437117000065],[120.60890779600004,16.36760939900006],[120.60882795800001,16.367731258000049],[120.6087187060001,16.367857318000063],[120.60854642300001,16.367949762000023],[120.60817664600006,16.368067418000066],[120.60799175800003,16.368185075000042],[120.60793293000006,16.368218691000038],[120.60792452600003,16.368508629000075],[120.6079791520001,16.368659902000047],[120.60815563600011,16.368891012000063],[120.60829010100008,16.369054890000029],[120.60835313100006,16.36934903100007],[120.60829850500011,16.36951711100005],[120.60806319200003,16.369777636000038],[120.60795814200003,16.370071777000078],[120.6079791520001,16.370227251000074],[120.60796654600006,16.370723088000034],[120.60784468800011,16.371080259000053],[120.60768921300007,16.371387006000077],[120.60762618300009,16.371571894000056],[120.60767240500002,16.371748378000063],[120.60778585900005,16.371899651000035],[120.60795814200003,16.372063529000059],[120.60817244400005,16.372172781000074],[120.60828589900007,16.372269428000038],[120.60833632300012,16.372315650000075],[120.60831951500006,16.372408094000036],[120.60816404000002,16.372592982000072],[120.6080505860001,16.372782073000053],[120.60788670800002,16.373046799000065],[120.60771862700005,16.373147647000053],[120.60740767900006,16.373303122000038],[120.6071723660001,16.373433384000066],[120.60701269000003,16.373593060000076],[120.60694125600003,16.373765343000059],[120.60692024600007,16.373908211000071],[120.60694966000005,16.374025867000057],[120.60707151800011,16.374101504000066],[120.60722279000004,16.374084696000068],[120.60737826500008,16.374013261000073],[120.60760937500004,16.37389560500003],[120.60790771800009,16.373803161000069],[120.6081892520001,16.373664495000071],[120.60842036300005,16.373437586000023],[120.60863466500007,16.373139243000026],[120.60895401800008,16.372777871000039],[120.6091347040001,16.372664416000077],[120.60926496700006,16.372664416000077],[120.60937842100009,16.372698032000073],[120.6093826230001,16.372811487000035],[120.60935320900001,16.372966961000031],[120.60925236100002,16.373227486000076],[120.60886577600002,16.373698111000067],[120.60842876700008,16.374076292000041],[120.60807159600006,16.374391442000046],[120.60790771800009,16.374513300000046],[120.60770602100001,16.374588937000055],[120.60736565900004,16.374950309000042],[120.60724800200001,16.375156208000021],[120.60725220400002,16.375286470000049],[120.60728582000002,16.375374712000053],[120.60731943600001,16.375483965000058],[120.60739927500003,16.375614227000028],[120.60750852700005,16.375752893000026],[120.60754214300005,16.375853741000071],[120.60748331500008,16.37601341800007],[120.60742448700012,16.376181498000051],[120.60736986100005,16.37650085100006],[120.60732784000004,16.37666893100004],[120.60707151800011,16.376879032000033],[120.60693285200011,16.377026102000059],[120.60687402300005,16.377105940000035],[120.6068572150001,16.377177374000041],[120.60687822500006,16.377248809000037],[120.60692444800009,16.37733705100004],[120.60726060800005,16.377795070000047],[120.60732784000004,16.378038786000047],[120.60733624400007,16.378177453000035],[120.60723119400006,16.378370745000041],[120.60694966000005,16.378559835000033],[120.60685301300009,16.378694300000063],[120.60681519500008,16.378765734000069],[120.60683958800007,16.379025879000039],[120.60688242700007,16.379286783000055],[120.60694966000005,16.379513691000056],[120.60704210400002,16.37972379200005],[120.60717656800011,16.379870862000075],[120.60734464800009,16.380059953000057],[120.60760097100001,16.380375103000063],[120.60768080900004,16.380690254000058],[120.60767660700003,16.381039021000049],[120.60765559700008,16.381202899000073],[120.60757575900004,16.381450818000076],[120.60805642900004,16.381680333000077],[120.60822748200007,16.382013258000029],[120.60811590600008,16.382468137000046],[120.60779149500001,16.382821117000049],[120.60736984800008,16.383227179000073],[120.60765533900008,16.384310550000066],[120.60790365800005,16.385596962000022],[120.60888689000001,16.386634804000039],[120.60919184500005,16.387229183000045],[120.60925591700004,16.387355986000046],[120.60926638700005,16.387432771000022],[120.60931525000001,16.387589830000024],[120.60931874100004,16.387760851000053],[120.60931525000001,16.387872538000067],[120.60928383800001,16.387945832000071],[120.60919309300004,16.388071480000065],[120.60918960300012,16.38817967600005],[120.60921752400009,16.388410030000045],[120.60928383800001,16.388598502000036],[120.60932223100008,16.388682267000036],[120.60932223100008,16.388811405000069],[120.60935713300012,16.388937052000074],[120.60937807400001,16.389244191000046],[120.60940250600004,16.389334937000058],[120.60845391500004,16.390283832000023],[120.60785240000007,16.390572871000074],[120.60697746900007,16.391471237000076],[120.60607886700006,16.392452372000037],[120.6057909540001,16.392657327000052],[120.60547781800005,16.392974173000027],[120.60533712500001,16.393028198000025],[120.60513705100004,16.393355150000048],[120.60516686300002,16.393399178000038],[120.60518664400001,16.393589794000036],[120.60516686300002,16.393620365000061],[120.60480813000004,16.393416157000047],[120.60450920400001,16.393137159000048],[120.60397113600004,16.392672163000043],[120.60373889500011,16.392773791000025],[120.60321588900001,16.392917920000059],[120.60289619800005,16.393185298000049],[120.60259589000009,16.393634290000023],[120.60247153100011,16.394188726000039],[120.60147878100008,16.394186097000045],[120.60019451700009,16.394132027000069]]]},"properties":{"brgy_name":"Camp 7","psgc_10d":"1430300017","city_name":"Baguio City","prov_name":"Benguet","urban_rural2015":"U"}},{"type":"Feature","geometry":{"type":"Polygon","coordinates":[[[120.58895320000011,16.417248403000031],[120.58869999300009,16.417359992000058],[120.58835850300011,16.417397110000024],[120.58804670800009,16.417501042000026],[120.58690774700005,16.417616128000077],[120.58699179900009,16.417465265000033],[120.58703705800008,16.417288539000026],[120.5870629210001,16.417107504000057],[120.58666739000012,16.416800440000031],[120.58636263700009,16.416603972000075],[120.58611579500007,16.416237236000029],[120.58587600500005,16.416060920000064],[120.58548413300002,16.415624571000023],[120.58540347900009,16.41544028800007],[120.58542463600008,16.415285130000029],[120.5855374790001,16.415129972000045],[120.58557274200007,16.414981867000051],[120.58563832600009,16.414725339000029],[120.58586895200006,16.41443176100006],[120.58620747900011,16.414248393000037],[120.58639084700008,16.413973340000041],[120.58654159000002,16.41371644700007],[120.58676621600011,16.413331373000062],[120.58746983600008,16.413673924000022],[120.58774879500004,16.413986603000069],[120.58791433100009,16.414191991000052],[120.58802162300003,16.41444642700003],[120.58812891500008,16.414667142000042],[120.58834656500005,16.414835744000072],[120.58864085200003,16.414952232000076],[120.58891674600011,16.415120834000049],[120.58923862200004,16.415353811000045],[120.58942868200006,16.41540899000006],[120.58906335500001,16.416060304000041],[120.58878010000001,16.416367164000064],[120.58874075900007,16.416508792000059],[120.58897680500002,16.417083171000058],[120.58895320000011,16.417248403000031]]]},"properties":{"brgy_name":"Campo Filipino","psgc_10d":"1430300019","city_name":"Baguio City","prov_name":"Benguet","urban_rural2015":"R"}},{"type":"Feature","geometry":{"type":"Polygon","coordinates":[[[120.58854970200002,16.411766114000045],[120.58782323300011,16.411668804000044],[120.58723120700006,16.412191798000038],[120.58683762500004,16.411715506000064],[120.58677773200009,16.411638501000027],[120.58673780300001,16.411532976000046],[120.58637503700004,16.411352489000024],[120.58617268800003,16.411542563000069],[120.58599151400006,16.411390212000072],[120.58580210500008,16.411229626000022],[120.58566622400008,16.41122550800003],[120.58555555300006,16.411264699000071],[120.58531227600008,16.411376921000056],[120.58524211300005,16.411410800000056],[120.58495799900004,16.411390212000072],[120.58494415700011,16.411219710000069],[120.58518322700002,16.41068927300006],[120.58564642500005,16.410263430000043],[120.58575848900011,16.410069186000044],[120.58586308200006,16.409867470000052],[120.58585561100006,16.409583575000056],[120.58622168700003,16.409247383000036],[120.58738472300001,16.408914990000028],[120.58701481700007,16.409520454000074],[120.58708005800008,16.409636031000048],[120.58701404700003,16.409849296000061],[120.58693280300008,16.410133650000034],[120.5870343580001,16.410377382000036],[120.58717145700007,16.410504325000034],[120.58733993900012,16.410696501000075],[120.58769247000009,16.41068475000003],[120.5880092860001,16.410600803000023],[120.58844089400009,16.410473859000035],[120.58846880400006,16.410743830000058],[120.58854970200002,16.411766114000045]]]},"properties":{"brgy_name":"City Camp Central","psgc_10d":"1430300022","city_name":"Baguio City","prov_name":"Benguet","urban_rural2015":"R"}},{"type":"Feature","geometry":{"type":"Polygon","coordinates":[[[120.59055393100004,16.42218316900005],[120.59036859700007,16.422156379000057],[120.59024018800005,16.422236302000044],[120.59011465500009,16.42247302100003],[120.59010748200001,16.422533994000048],[120.59012900200003,16.422799406000024],[120.5901254150001,16.423165245000064],[120.58999270900006,16.423355337000032],[120.58989083400002,16.423478166000052],[120.5897575460001,16.423417674000063],[120.58947530700004,16.42331931800004],[120.58885951500008,16.423169646000076],[120.58856017100004,16.423109778000025],[120.58835490700005,16.422930171000075],[120.58821378800008,16.422861750000038],[120.58805983900004,16.422626551000064],[120.58799071600004,16.422491110000067],[120.58774339000001,16.422006482000029],[120.58779043000004,16.421882468000035],[120.58773056100006,16.421788389000028],[120.58764931100006,16.421685757000034],[120.58753385000011,16.421634441000037],[120.58717463700009,16.420732133000058],[120.58672562200002,16.42050976400003],[120.58640489600009,16.420394303000023],[120.58580057800009,16.420775468000045],[120.58563277700011,16.420497078000039],[120.58557306600005,16.420426075000023],[120.58542680800008,16.420206689000054],[120.58532451000008,16.419958895000036],[120.58532495100008,16.419832133000057],[120.58533626100007,16.419705081000075],[120.58543261700004,16.419524121000052],[120.58574518400007,16.41922330400007],[120.58588854200002,16.418861383000035],[120.58594024500007,16.418647522000072],[120.58604130100002,16.418508864000046],[120.58625751300008,16.418445410000061],[120.58638366800005,16.418384552000077],[120.58658857800003,16.418234810000058],[120.58671467700003,16.418045663000044],[120.58666739000012,16.417911683000057],[120.58690774700005,16.417616128000077],[120.58804670800009,16.417501042000026],[120.58835850300011,16.417397110000024],[120.58869999300009,16.417359992000058],[120.58895320000011,16.417248403000031],[120.58878010000001,16.417547395000042],[120.58880908600008,16.417797872000051],[120.58885091400009,16.418137510000065],[120.58892959700006,16.418353144000037],[120.58906335500001,16.418696153000042],[120.5891891870001,16.418871656000022],[120.5891691170001,16.41959416800006],[120.58917915200004,16.420035703000053],[120.58937985000011,16.420376889000067],[120.58973107100007,16.420808389000058],[120.59012243100005,16.421310134000066],[120.59055393100004,16.42218316900005]]]},"properties":{"brgy_name":"Cresencia Village","psgc_10d":"1430300026","city_name":"Baguio City","prov_name":"Benguet","urban_rural2015":"U"}},{"type":"Feature","geometry":{"type":"Polygon","coordinates":[[[120.62049903600007,16.410647372000028],[120.62026870200009,16.410844801000053],[120.62005482100005,16.410894158000076],[120.61924042700002,16.411132718000033],[120.61920752200001,16.411289016000069],[120.6191005820001,16.411576933000049],[120.61897718900002,16.411774362000074],[120.61826150900004,16.411947112000064],[120.61785019900003,16.412004696000054],[120.61738130500009,16.412062279000054],[120.61670675700009,16.412235029000044],[120.61645174400007,16.412416006000058],[120.61628722000012,16.412777959000039],[120.61616382700004,16.413008292000029],[120.61601575600002,16.413074102000053],[120.61544814800004,16.413065876000076],[120.61547282600009,16.412835542000039],[120.61559621900005,16.412605209000048],[120.61557154100001,16.412341970000057],[120.61548927900003,16.412119863000044],[120.61535347800009,16.412141890000044],[120.61567234900008,16.411583866000058],[120.61578105500007,16.411344713000062],[120.61575206700002,16.411054831000058],[120.61563611400004,16.410851913000045],[120.61554914900012,16.410677984000074],[120.6154549370001,16.410583772000052],[120.61536072500007,16.410409843000025],[120.61537521900004,16.410286643000063],[120.61541870200006,16.409982266000043],[120.61560199400003,16.409104544000058],[120.61568684300005,16.40870678400006],[120.61573032500007,16.408322690000034],[120.61568680500011,16.408167950000063],[120.61555708500009,16.408105492000061],[120.61526881700001,16.407937335000042],[120.61505261600007,16.40777878800003],[120.6149421130001,16.407759570000053],[120.61484121900003,16.407798006000064],[120.61333121300004,16.408253628000068],[120.61253569000007,16.408253628000068],[120.60665613700007,16.406170178000025],[120.60660564800003,16.406039748000069],[120.60666034500002,16.405362350000075],[120.60684355900003,16.404634216000034],[120.60692969400009,16.404418877000069],[120.60618893100002,16.403342186000032],[120.6056675210001,16.403309243000024],[120.60593829200002,16.403028058000075],[120.60631320500011,16.402892672000064],[120.60719321100009,16.402720837000061],[120.60748481100006,16.402913501000057],[120.60765143900005,16.403142615000036],[120.60773475300005,16.403179065000074],[120.60788055300009,16.403106165000054],[120.60802114600006,16.402981193000073],[120.60822943100004,16.402840601000037],[120.60841168100001,16.402840601000037],[120.60850020200007,16.402741665000065],[120.60855748000006,16.402606280000043],[120.60853144500004,16.402377166000065],[120.60851582300006,16.402132431000041],[120.60864079400005,16.401950181000075],[120.60877746600011,16.40173416500005],[120.60886506100007,16.401375026000039],[120.60894389600003,16.401121001000035],[120.60890958800007,16.401015509000047],[120.60881205300007,16.400894328000049],[120.60873816200001,16.400782015000061],[120.60866722700007,16.400675612000043],[120.60849875600002,16.400660834000064],[120.60833915300009,16.400646056000028],[120.60826230600003,16.400583988000051],[120.60820319400011,16.400421428000072],[120.60817068200004,16.400279559000069],[120.60804359000008,16.400170200000048],[120.60790467600009,16.400054931000057],[120.60779827300007,16.400019464000025],[120.60765582100009,16.399979406000057],[120.6075234000001,16.399942617000022],[120.60737266400008,16.399774147000073],[120.60734015200001,16.399576120000063],[120.60732537400008,16.399454939000066],[120.60724261600001,16.399386960000072],[120.60708596800009,16.399375138000039],[120.6068997640001,16.399386960000072],[120.60672242600003,16.399384004000069],[120.6066101130001,16.399330803000055],[120.60653917800005,16.399253957000042],[120.60640440000009,16.399225286000046],[120.60626449600011,16.399339282000028],[120.60614531800002,16.399432552000064],[120.60602095800004,16.399515458000053],[120.60584996400007,16.39953100300005],[120.60577223900009,16.399499913000056],[120.60579814800008,16.399225286000046],[120.60576705800008,16.399075018000076],[120.60564269800011,16.399018020000028],[120.60548206700003,16.399002475000032],[120.60539397900004,16.399132016000067],[120.60524734800003,16.399067072000037],[120.60528728800011,16.398820775000047],[120.60518743800003,16.398574478000057],[120.60497442400003,16.398328181000068],[120.6048346340001,16.398028631000045],[120.60488123100004,16.397928781000076],[120.60514084100009,16.397808961000067],[120.60546036100004,16.397649201000036],[120.60568668800011,16.397429531000057],[120.6060528050001,16.39721651800005],[120.60748246900005,16.397459868000055],[120.60839562900003,16.397685930000023],[120.61083060500005,16.39641864400005],[120.61185348400011,16.395225187000051],[120.61189173100001,16.395044882000036],[120.61191358600001,16.394760766000047],[120.61201739700005,16.394574998000053],[120.61217584700012,16.394460259000027],[120.61226326700012,16.394356447000064],[120.61224141200012,16.394034085000044],[120.6121813100001,16.393602447000035],[120.61155256800009,16.392880008000077],[120.61151436000011,16.392771638000056],[120.61100752800007,16.388962995000043],[120.61095150500012,16.386766883000064],[120.61187534500004,16.385158232000038],[120.61198211200008,16.384971389000043],[120.6121867490001,16.384713369000053],[120.61251594800001,16.38458435900003],[120.61276507100001,16.384557667000024],[120.61288073500009,16.384482040000023],[120.61294873400004,16.38440029800006],[120.61318395800004,16.38427484500005],[120.61341395400007,16.38425393600005],[120.61368576900009,16.384138938000035],[120.61380493900003,16.384082062000061],[120.61393812900008,16.384029371000054],[120.61401716500006,16.384005953000042],[120.6141210830001,16.384005953000042],[120.61425573700001,16.383991317000039],[120.61455139000009,16.383929844000022],[120.61461725300001,16.383941553000057],[120.61473434400011,16.38398985300006],[120.61486460700007,16.38409084400007],[120.61509146900005,16.384288434000041],[120.61516757800007,16.384373324000023],[120.61530076800011,16.384480169000028],[120.6153988320001,16.384515296000075],[120.61557007600004,16.384547496000039],[120.61573400300006,16.384562132000042],[120.6157984030001,16.384557742000027],[120.6158569480001,16.384513833000028],[120.61591110200004,16.384440651000034],[120.61593305700001,16.384382106000032],[120.61601062900002,16.384314779000022],[120.61607795600003,16.384292825000045],[120.61620382800004,16.384286970000062],[120.61641459100008,16.384248916000047],[120.61649509000006,16.384215252000047],[120.61655656300002,16.384162561000039],[120.61660925300009,16.38408498900003],[120.61663999000007,16.383983999000066],[120.61669828200002,16.383920227000033],[120.61721347700006,16.384497021000072],[120.61770661500009,16.384142071000042],[120.61838453400003,16.383835089000058],[120.61897931100009,16.383470548000048],[120.61950373900004,16.383304266000039],[120.61995142100011,16.383189148000042],[120.62057178000009,16.38273507100007],[120.62090434400011,16.382517625000048],[120.62099779200003,16.383078449000038],[120.62085283300007,16.384267117000036],[120.62189833000002,16.386973967000074],[120.62254402800011,16.387939426000059],[120.62193650300003,16.389274155000066],[120.6216969300001,16.391621975000078],[120.6211459110001,16.395766595000055],[120.62068647300009,16.397914975000049],[120.6199090560001,16.40009860300006],[120.62051498400001,16.40214504100004],[120.62092147900012,16.402924063000057],[120.62118908700006,16.403737646000025],[120.62121711500004,16.403942584000049],[120.62129388100004,16.404150538000067],[120.62217603800002,16.404378949000034],[120.62230277300011,16.40450273700003],[120.62236761500003,16.404579368000043],[120.62244424500011,16.404653052000072],[120.62251792900008,16.404723788000069],[120.62410185700003,16.405698618000031],[120.6220555000001,16.407036161000065],[120.62186815500002,16.407126345000052],[120.62063616600005,16.40795534800003],[120.62049903600007,16.410647372000028]]]},"properties":{"brgy_name":"Country Club Village","psgc_10d":"1430300025","city_name":"Baguio City","prov_name":"Benguet","urban_rural2015":"U"}},{"type":"Feature","geometry":{"type":"Polygon","coordinates":[[[120.60967534300005,16.392923248000045],[120.60961749700004,16.392869257000029],[120.60952494200001,16.392846119000069],[120.60942296000007,16.392847477000032],[120.60908689100006,16.392895949000035],[120.60898025400002,16.392866866000077],[120.60878959900003,16.392734377000068],[120.60866034200001,16.392621277000046],[120.60848907600007,16.392621277000046],[120.60835658700012,16.392663285000026],[120.60820471000011,16.392711757000029],[120.60768444900009,16.392818394000074],[120.60753257100009,16.392895949000035],[120.60736776800002,16.393264332000058],[120.60723204800001,16.393484070000056],[120.60671825000009,16.393778130000044],[120.60652113300011,16.393852453000022],[120.60639510700003,16.393952628000022],[120.60629493200008,16.394056034000073],[120.60624322900003,16.394246688000067],[120.60624322900003,16.39445026900006],[120.60624185800009,16.394500280000045],[120.60582448000002,16.394153509000034],[120.60562519500002,16.393940939000061],[120.60516686300002,16.393620365000061],[120.60518664400001,16.393589794000036],[120.60516686300002,16.393399178000038],[120.60513705100004,16.393355150000048],[120.60533712500001,16.393028198000025],[120.60547781800005,16.392974173000027],[120.6057909540001,16.392657327000052],[120.60607886700006,16.392452372000037],[120.60697746900007,16.391471237000076],[120.60785240000007,16.390572871000074],[120.60845391500004,16.390283832000023],[120.60882168900002,16.391513312000029],[120.60968479700011,16.392731817000026],[120.60967534300005,16.392923248000045]]]},"properties":{"brgy_name":"Dagsian, Lower","psgc_10d":"1430300058","city_name":"Baguio City","prov_name":"Benguet","urban_rural2015":"R"}},{"type":"Feature","geometry":{"type":"Polygon","coordinates":[[[120.61002181800006,16.393119355000067],[120.61002357400002,16.393252770000061],[120.60989893700003,16.393365119000066],[120.60976727700006,16.393484490000048],[120.60957417700001,16.39362141600003],[120.60933318900004,16.393695867000076],[120.6091619450001,16.39395152700007],[120.60880739700008,16.394308488000036],[120.60826713300003,16.394725745000073],[120.60794152700009,16.394829456000025],[120.60748326800001,16.394998289000057],[120.6072903160001,16.395068234000064],[120.60706359800008,16.39523706600005],[120.60692421200008,16.395382117000054],[120.60695426400002,16.395721937000076],[120.6069727580001,16.395886067000049],[120.60699356300006,16.395941548000053],[120.60699356300006,16.395990094000069],[120.60691727700009,16.396054821000064],[120.60671847100002,16.396138042000075],[120.60663591800005,16.396036629000037],[120.60591039200006,16.395128870000065],[120.60598794600003,16.395083630000045],[120.60609458300007,16.395022232000031],[120.6061365920001,16.394993149000072],[120.60620768400008,16.394915595000043],[120.60624969200001,16.394802495000022],[120.60623676600005,16.394624766000049],[120.60624185800009,16.394500280000045],[120.60624322900003,16.39445026900006],[120.60624322900003,16.394246688000067],[120.60629493200008,16.394056034000073],[120.60639510700003,16.393952628000022],[120.60652113300011,16.393852453000022],[120.60671825000009,16.393778130000044],[120.60723204800001,16.393484070000056],[120.60736776800002,16.393264332000058],[120.60753257100009,16.392895949000035],[120.60768444900009,16.392818394000074],[120.60820471000011,16.392711757000029],[120.60835658700012,16.392663285000026],[120.60848907600007,16.392621277000046],[120.60866034200001,16.392621277000046],[120.60878959900003,16.392734377000068],[120.60898025400002,16.392866866000077],[120.60908689100006,16.392895949000035],[120.60942296000007,16.392847477000032],[120.60952494200001,16.392846119000069],[120.60961749700004,16.392869257000029],[120.60967534300005,16.392923248000045],[120.60982345200011,16.392971897000052],[120.60992702400006,16.392963120000047],[120.61002181800006,16.393119355000067]]]},"properties":{"brgy_name":"Dagsian, Upper","psgc_10d":"1430300028","city_name":"Baguio City","prov_name":"Benguet","urban_rural2015":"R"}},{"type":"Feature","geometry":{"type":"Polygon","coordinates":[[[120.59128414000008,16.427033265000034],[120.5912197240001,16.427031252000063],[120.59112108900001,16.426995018000071],[120.59105153100006,16.427047069000025],[120.59088066100003,16.427042246000042],[120.59066414300003,16.427007249000042],[120.5905123010001,16.42703205600003],[120.59037706900006,16.427015083000072],[120.59016257400003,16.426948622000054],[120.59006918300008,16.42692932500006],[120.58998739800006,16.426894145000063],[120.58984458800001,16.426851233000036],[120.58978336200005,16.426829888000043],[120.58968348200005,16.426811380000061],[120.58959520500002,16.42678760900003],[120.58954374100006,16.426732068000035],[120.58949740900005,16.426711107000074],[120.58947146700007,16.426748587000077],[120.58939217700004,16.426836604000073],[120.58932936400004,16.426945980000028],[120.58918166400008,16.427006985000048],[120.58905370000002,16.426930646000073],[120.58900079500006,16.426840491000064],[120.58887168000001,16.426835819000075],[120.58864139900004,16.427128099000072],[120.58864139900004,16.427393807000044],[120.58839340500003,16.427473520000035],[120.58778227500011,16.427402664000056],[120.58764706800002,16.426735244000042],[120.58765815800007,16.426218296000059],[120.58769103800012,16.425890049000031],[120.58740051900008,16.425561317000074],[120.58754222000005,16.425329442000077],[120.58728458100006,16.424723991000064],[120.58728458100006,16.42445347000006],[120.58747470300011,16.423868508000055],[120.58751645600012,16.423757845000068],[120.5875071590001,16.423559776000047],[120.58835490700005,16.422930171000075],[120.58856017100004,16.423109778000025],[120.58885951500008,16.423169646000076],[120.58947530700004,16.42331931800004],[120.5897575460001,16.423417674000063],[120.58989083400002,16.423478166000052],[120.58999270900006,16.423355337000032],[120.5901254150001,16.423165245000064],[120.59012900200003,16.422799406000024],[120.59010748200001,16.422533994000048],[120.59011465500009,16.42247302100003],[120.59024018800005,16.422236302000044],[120.59036859700007,16.422156379000057],[120.59055393100004,16.42218316900005],[120.5906666190001,16.422319336000044],[120.59109581500002,16.422875576000024],[120.59139686200001,16.423397390000048],[120.59181832700006,16.42376868100007],[120.59199877200001,16.424285153000028],[120.59206920000008,16.424491193000051],[120.59216708800011,16.424553024000033],[120.59238365100009,16.424596336000036],[120.59245962800003,16.424718071000029],[120.59262036500002,16.424883905000058],[120.59245555300004,16.425084817000027],[120.59224618100006,16.425356707000049],[120.59203847400011,16.425464555000076],[120.59192733100008,16.425524989000053],[120.5916084800001,16.425533846000064],[120.59120237700006,16.426509558000078],[120.59133849000011,16.426775604000056],[120.59131433400012,16.426835993000054],[120.59135660700008,16.426968850000037],[120.59134855500008,16.427021187000037],[120.59128414000008,16.427033265000034]]]},"properties":{"brgy_name":"Dizon Subdivision","psgc_10d":"1430300030","city_name":"Baguio City","prov_name":"Benguet","urban_rural2015":"U"}},{"type":"Feature","geometry":{"type":"Polygon","coordinates":[[[120.58448395300002,16.409222374000024],[120.58436971100002,16.409142347000056],[120.58396058100004,16.409244630000046],[120.58365911600004,16.409389979000025],[120.5832822860001,16.409556861000056],[120.58288930600008,16.409675293000078],[120.58271165800011,16.409896008000032],[120.58246402600003,16.410208239000042],[120.58214641200004,16.410192089000077],[120.58188801500012,16.410165172000063],[120.58175343200003,16.410326671000064],[120.58163182900012,16.410924437000062],[120.58153271700007,16.410757334000039],[120.58145935800007,16.410695562000058],[120.58140330200001,16.410452650000025],[120.58044980700004,16.410749980000048],[120.57962312300003,16.410589086000073],[120.57893758200009,16.410337721000076],[120.57889656400005,16.409248932000025],[120.57865776600011,16.407662627000036],[120.57829956800003,16.406622148000054],[120.57761728600008,16.405308755000021],[120.57858407600008,16.405068457000027],[120.57905243100004,16.405016268000054],[120.57955309200008,16.405163521000077],[120.57985261800002,16.405473640000025],[120.58034373500004,16.405635464000056],[120.58067097100002,16.405876844000034],[120.58111920800002,16.405914277000022],[120.58114546700006,16.40590157500003],[120.58162059100005,16.405836247000025],[120.58171872600008,16.405838064000022],[120.58189531200003,16.405837425000072],[120.58195279200004,16.406047483000066],[120.5820393570001,16.406005597000046],[120.58211754400008,16.405899486000067],[120.58213150600011,16.405796167000062],[120.58214267500011,16.405678886000032],[120.58213429800003,16.405581152000025],[120.58208403500009,16.405494588000067],[120.58199747100002,16.405455494000023],[120.58195558500006,16.405435947000058],[120.58195837700009,16.405394061000038],[120.58199467800011,16.40535496800004],[120.58226554100008,16.405165085000021],[120.58256783500008,16.404899230000069],[120.58274112400011,16.404596596000033],[120.58290310300004,16.404537695000045],[120.58302048100006,16.404392492000056],[120.58439879500008,16.403707319000034],[120.58507600100006,16.403197422000062],[120.58651401800012,16.402555016000065],[120.58738647000007,16.40320538900005],[120.58823895400008,16.403476272000034],[120.58815358100003,16.404052838000041],[120.5878344460001,16.404624873000046],[120.58765380300008,16.404829601000074],[120.58738863000008,16.405016819000025],[120.58730868900011,16.405427186000054],[120.58725539400007,16.405624375000059],[120.58697293400007,16.406237261000058],[120.58670677800001,16.406238565000024],[120.58630406700001,16.406151288000046],[120.58589554900004,16.406361703000073],[120.58588034500008,16.406487589000051],[120.58579812900007,16.406528697000056],[120.58536462600011,16.406581017000065],[120.58520766800007,16.406622125000069],[120.58514413700004,16.406760397000028],[120.58519271900002,16.406906144000061],[120.58522045200004,16.406975728000077],[120.58524877600007,16.407059365000066],[120.58521514200004,16.407212586000071],[120.58516282300002,16.407335910000029],[120.58502455000007,16.407537714000057],[120.58477790200004,16.407672249000029],[120.58464336600002,16.407844156000067],[120.58453499000007,16.408016062000058],[120.58505574000003,16.409122290000028],[120.58468352000011,16.409145618000025],[120.58448395300002,16.409222374000024]]]},"properties":{"brgy_name":"Dominican Hill-Mirador","psgc_10d":"1430300135","city_name":"Baguio City","prov_name":"Benguet","urban_rural2015":"R"}},{"type":"Feature","geometry":{"type":"Polygon","coordinates":[[[120.60582448000002,16.394153509000034],[120.60565176700004,16.39451886300003],[120.60478908400012,16.395216118000064],[120.6046436690001,16.395419699000058],[120.60446270900002,16.395555419000061],[120.60430113700011,16.395662056000049],[120.60417188000008,16.395813934000046],[120.60413310300009,16.395933497000044],[120.60356394200005,16.395944778000057],[120.6024974390001,16.395966030000068],[120.60246116700011,16.395763946000045],[120.60243007700001,16.395587770000077],[120.6025233470001,16.395261327000071],[120.60260446900008,16.395042642000021],[120.60261143500009,16.394914156000027],[120.60255443700009,16.394691345000069],[120.60249225700011,16.394447808000052],[120.60247153100011,16.394188726000039],[120.60259589000009,16.393634290000023],[120.60289619800005,16.393185298000049],[120.60321588900001,16.392917920000059],[120.60373889500011,16.392773791000025],[120.60397113600004,16.392672163000043],[120.60450920400001,16.393137159000048],[120.60480813000004,16.393416157000047],[120.60516686300002,16.393620365000061],[120.60562519500002,16.393940939000061],[120.60582448000002,16.394153509000034]]]},"properties":{"brgy_name":"Gabriela Silang","psgc_10d":"1430300144","city_name":"Baguio City","prov_name":"Benguet","urban_rural2015":"R"}},{"type":"Feature","geometry":{"type":"Polygon","coordinates":[[[120.57294522100005,16.390158779000046],[120.57272719600007,16.390210689000071],[120.57261299200002,16.390231453000069],[120.57244168700004,16.390215880000028],[120.57224442600011,16.390226262000056],[120.57198487300002,16.39027817300007],[120.57149691200004,16.390454670000054],[120.57112834600002,16.390662312000075],[120.57070787000009,16.390958203000025],[120.57033930400007,16.391150273000051],[120.56992401800005,16.391295623000076],[120.56902077200004,16.391518839000071],[120.5680033220001,16.391773201000035],[120.56771781300006,16.391793966000023],[120.56742711300001,16.39175762800005],[120.56703259200003,16.391627851000067],[120.56444224800009,16.390766134000046],[120.56416824900009,16.390698839000038],[120.56432074300005,16.385427654000068],[120.56399909800007,16.380070623000051],[120.56649179900012,16.377069494000068],[120.56665372000009,16.376870773000064],[120.56744440800003,16.376384809000058],[120.56747797800006,16.376277385000037],[120.56757868800003,16.376196818000039],[120.56794795600001,16.375787266000032],[120.56812923300004,16.375498565000044],[120.56821651500002,16.375310574000025],[120.56818965900004,16.375075585000047],[120.56819637300009,16.374786884000059],[120.56822994300001,16.374558609000076],[120.5683306520001,16.374263195000026],[120.56834408000009,16.373961066000049],[120.56827917900011,16.373619963000067],[120.56815929400011,16.373188380000045],[120.5680553950001,16.372812744000043],[120.56796748000011,16.372572975000026],[120.56792751900002,16.372093439000025],[120.56791952600008,16.371853671000054],[120.56800744100008,16.371621895000033],[120.56816728700005,16.371462050000048],[120.56832713200004,16.371406104000073],[120.56887060700001,16.371294212000066],[120.56907840600002,16.37115035100004],[120.56927821300008,16.370854637000036],[120.56945404300006,16.370542938000028],[120.56953396500012,16.370247224000025],[120.57202027000005,16.369960663000029],[120.57398250200004,16.369576352000024],[120.57510179000008,16.37205717300003],[120.57560927500003,16.373161699000036],[120.57588065600009,16.375608430000057],[120.57564040500006,16.37649330000005],[120.57509842600007,16.378418273000023],[120.5749366230001,16.37899150100003],[120.57496193500003,16.381364007000059],[120.57478696700002,16.382171452000023],[120.57445264000012,16.382920934000026],[120.57430911200004,16.384082131000071],[120.57504625900003,16.384756351000021],[120.57536688900007,16.386602217000075],[120.5750177650001,16.387315150000063],[120.57504462100007,16.387657562000072],[120.57504462100007,16.387805270000058],[120.57500433700011,16.387905979000038],[120.57497748100002,16.388026831000047],[120.57497748100002,16.388114112000039],[120.57499090900001,16.388181252000038],[120.57507147700005,16.38826853300003],[120.57517218600003,16.388342387000023],[120.57538703300008,16.388550520000024],[120.57554145400002,16.388785509000058],[120.57572835500002,16.389017017000072],[120.57583145600006,16.389099800000054],[120.57558228500011,16.389058272000057],[120.5754421260001,16.389084227000069],[120.57520333700006,16.389120564000052],[120.57483477100004,16.389198430000022],[120.57461155500005,16.389291870000022],[120.57408206500008,16.389535850000073],[120.57346432800011,16.389899225000022],[120.5731892010001,16.390054957000075],[120.57294522100005,16.390158779000046]]]},"properties":{"brgy_name":"Dontogan","psgc_10d":"1430300137","city_name":"Baguio City","prov_name":"Benguet","urban_rural2015":"U"}},{"type":"Feature","geometry":{"type":"Polygon","coordinates":[[[120.60523692000004,16.403850522000027],[120.60525657400001,16.403878423000037],[120.6052571030001,16.403912246000061],[120.60525234600004,16.403945011000076],[120.60523966300002,16.403968264000071],[120.6052306790001,16.403983590000053],[120.60521693800001,16.403997331000028],[120.60523120700009,16.403994688000068],[120.60554427000011,16.403910231000054],[120.60581801800004,16.403873731000033],[120.60593968400008,16.403952814000036],[120.60602485000004,16.404214396000043],[120.60609785000008,16.404786226000056],[120.60606743300002,16.405023474000075],[120.60587885100006,16.405345889000046],[120.60561726900005,16.405674387000033],[120.6053861040001,16.405942052000057],[120.60520360500004,16.406191468000031],[120.60435134800002,16.406190325000068],[120.60401070100011,16.406186595000065],[120.60400414300011,16.406147389000068],[120.60404025200012,16.405547072000047],[120.60422677100007,16.405511860000047],[120.6041756620001,16.405398121000076],[120.60385294200012,16.405022933000055],[120.60383488100001,16.405000918000042],[120.60377620300005,16.40499640400003],[120.60349409900005,16.404551808000065],[120.60473814200009,16.404167123000036],[120.60505205300001,16.404052293000063],[120.60507230400003,16.404045752000059],[120.60506437000004,16.403966894000064],[120.60504831800006,16.403900682000028],[120.60505835000004,16.403852529000062],[120.60508643700007,16.403819359000067],[120.60513279700001,16.403802618000043],[120.60517143000004,16.403793603000054],[120.60520748800002,16.403814208000028],[120.60523692000004,16.403850522000027]]]},"properties":{"brgy_name":"DPS Area","psgc_10d":"1430300029","city_name":"Baguio City","prov_name":"Benguet","urban_rural2015":"U"}},{"type":"Feature","geometry":{"type":"Polygon","coordinates":[[[120.60266723900008,16.409030933000054],[120.60252897700002,16.409045881000054],[120.60240192400011,16.409098196000059],[120.60221882000008,16.409150512000053],[120.60196845300004,16.409135564000053],[120.60180437700001,16.408970410000052],[120.60162604200002,16.408787256000039],[120.60141396800009,16.40863784000004],[120.60125973200002,16.408580002000065],[120.6010862170001,16.408507704000044],[120.60099464000007,16.408416126000077],[120.60090788200012,16.408343828000056],[120.60077774600006,16.40815103400007],[120.60071508800002,16.407963059000053],[120.60062833000006,16.407693147000032],[120.60058977100005,16.407452154000055],[120.60055291600008,16.407327243000054],[120.60051552600009,16.407202534000078],[120.60044677500002,16.406645189000074],[120.6004442310001,16.40649071200005],[120.60036334200004,16.406401455000037],[120.60043028500002,16.406415401000061],[120.6004804910001,16.406376352000052],[120.60050001600007,16.40631219900007],[120.60047491300008,16.406253624000044],[120.60062679200007,16.406088664000038],[120.60112721600001,16.405639065000059],[120.60127187000012,16.405572602000063],[120.60138133800001,16.405537416000072],[120.60149471500006,16.405556964000027],[120.60159899300004,16.405582378000076],[120.60177582500012,16.405493977000049],[120.60189684000011,16.405499653000049],[120.60261755300007,16.405530101000068],[120.60262296200005,16.405713633000062],[120.60263451300011,16.405910003000031],[120.60266339100008,16.406164127000068],[120.60273269700008,16.40641247700006],[120.60275580000007,16.406603070000074],[120.60272114600002,16.40673590800003],[120.6027500240001,16.406868746000043],[120.60281933100009,16.407042013000023],[120.60288286200011,16.407723529000066],[120.60283016500011,16.408089707000045],[120.60285545700003,16.40821932800003],[120.6029521690001,16.408589864000078],[120.6029752710001,16.408711151000034],[120.60287708700002,16.408843989000047],[120.60266723900008,16.409030933000054]]]},"properties":{"brgy_name":"Engineers' Hill","psgc_10d":"1430300035","city_name":"Baguio City","prov_name":"Benguet","urban_rural2015":"U"}},{"type":"Feature","geometry":{"type":"Polygon","coordinates":[[[120.5804418030001,16.41898038100004],[120.57998780100002,16.419442665000076],[120.57917880500008,16.420374769000034],[120.57748606900009,16.420296605000033],[120.57684820600002,16.41964437200005],[120.57686231100001,16.419324654000036],[120.5772901680001,16.417796595000027],[120.57743122000011,16.417382843000041],[120.57760871000005,16.416966741000067],[120.57778411100003,16.416683632000058],[120.57814288800012,16.416553940000028],[120.57869254100001,16.416363835000027],[120.57935959100007,16.416450129000054],[120.5795971870001,16.41646171900004],[120.57993329800001,16.41636320300006],[120.58038363100002,16.416186620000076],[120.58178092700007,16.415636324000047],[120.58251031000009,16.41566102400003],[120.58259735000001,16.415432543000065],[120.58276055100009,16.41531830200006],[120.58294007200004,16.41531830200006],[120.58306519300004,16.415291102000026],[120.58308695300002,16.415106141000024],[120.58307607300003,16.414959260000046],[120.58329911400006,16.414692699000057],[120.58369118500002,16.414713407000022],[120.58408968700007,16.414933807000068],[120.58487383600004,16.415067658000055],[120.58542463600008,16.415285130000029],[120.58540347900009,16.41544028800007],[120.58548413300002,16.415624571000023],[120.58537020800009,16.415732282000022],[120.58529978100012,16.415790280000067],[120.58531428100002,16.41584206400006],[120.58534949400007,16.415908348000073],[120.58532670900001,16.415949775000058],[120.58525421100001,16.416016059000071],[120.58514650000006,16.416090628000063],[120.58420453400004,16.416662559000031],[120.58422165600007,16.417318017000071],[120.58407677300011,16.417978041000026],[120.5839338080001,16.418242052000039],[120.58389668900008,16.418553848000045],[120.58395335400007,16.41899759100005],[120.58274281500007,16.418866450000053],[120.5821305070001,16.41885717200006],[120.58189544100003,16.418921015000024],[120.58144398000002,16.41904272000005],[120.5804418030001,16.41898038100004]]]},"properties":{"brgy_name":"Fairview Village","psgc_10d":"1430300036","city_name":"Baguio City","prov_name":"Benguet","urban_rural2015":"U"}},{"type":"Feature","geometry":{"type":"Polygon","coordinates":[[[120.5936295350001,16.401415408000048],[120.59377604500003,16.401568867000037],[120.5938942360001,16.401772418000064],[120.59404525800005,16.402054763000024],[120.59397959600005,16.402442166000071],[120.59376295600009,16.402820432000055],[120.59360532500011,16.403098783000075],[120.59311942900001,16.403906421000045],[120.59303406800007,16.404064008000034],[120.59284149600001,16.404117674000076],[120.59254816800001,16.404245414000059],[120.59251505000009,16.404344767000055],[120.59237564800003,16.404252697000061],[120.59219487700011,16.404135727000039],[120.59207259000004,16.404055975000063],[120.59088976600003,16.403709716000037],[120.59072344000003,16.403714336000064],[120.59061255500001,16.403705096000067],[120.59052477200009,16.403723576000061],[120.59047345200008,16.403634987000032],[120.59027353300007,16.403581498000051],[120.58995705000007,16.40365349800004],[120.58994676100008,16.403572541000074],[120.58986149000009,16.40351924600003],[120.58977089000007,16.403487270000028],[120.58965897200005,16.403444634000039],[120.58956304200001,16.403401999000039],[120.58948310000005,16.403268763000028],[120.58946703200002,16.403173191000064],[120.58938489900004,16.403126486000076],[120.58934381400002,16.403093959000046],[120.58918118200006,16.403037466000058],[120.58922992900011,16.40256075700006],[120.58932081600005,16.402507984000067],[120.58938531600006,16.402340870000046],[120.58940583800006,16.402153234000025],[120.58949965700003,16.402041825000026],[120.58970488400007,16.401880575000064],[120.58981851500005,16.401826326000048],[120.59001146900005,16.401813463000053],[120.59026230900008,16.401749145000053],[120.59050028500008,16.401575487000059],[120.59064178400001,16.401408260000039],[120.59087332800004,16.40115098900003],[120.59099770900002,16.400875804000066],[120.59171646800007,16.401105170000051],[120.59174678400007,16.401119479000045],[120.59217998400004,16.401128504000042],[120.59284783500004,16.40116460400003],[120.59341641000003,16.401381204000074],[120.5936295350001,16.401415408000048]]]},"properties":{"brgy_name":"Ferdinand (Happy Homes-Campo Sioco)","psgc_10d":"1430300138","city_name":"Baguio City","prov_name":"Benguet","urban_rural2015":"R"}},{"type":"Feature","geometry":{"type":"Polygon","coordinates":[[[120.62851795100005,16.363138680000077],[120.62832258900005,16.363264270000059],[120.62816908900004,16.363627087000054],[120.62835049700004,16.364520173000074],[120.62855981500002,16.365790031000074],[120.62861563300009,16.367045934000032],[120.6290712660001,16.367305255000076],[120.63079753200009,16.368287605000035],[120.6306772800001,16.368626272000029],[120.63067973400007,16.368785789000071],[120.63068955100005,16.368952669000066],[120.6306085650001,16.369242254000028],[120.63051530900009,16.36957355900006],[120.63044414000001,16.369799337000075],[120.63032388800002,16.369973579000032],[120.63021590700009,16.370020207000039],[120.62995577200002,16.370125734000055],[120.62970299800008,16.370272981000028],[120.62959747200011,16.370390778000058],[120.62953366500005,16.370488942000065],[120.62947967400009,16.371033755000042],[120.62947967400009,16.371281620000047],[120.62950666900008,16.371419050000043],[120.62951584000007,16.371612026000037],[120.62952139400011,16.371929505000026],[120.62949439900001,16.372096385000077],[120.6294870370001,16.372496405000049],[120.62946495000006,16.372616656000048],[120.6293937800001,16.372746724000024],[120.62919499700001,16.372957778000057],[120.62907599200003,16.373025278000057],[120.62876743700008,16.372757094000065],[120.62861177500008,16.372585866000065],[120.62837050000007,16.372243412000046],[120.62820705600006,16.371978788000035],[120.62794243200005,16.371683031000032],[120.62780233700005,16.371605201000023],[120.62764667600004,16.371651899000028],[120.62752993000004,16.371776428000032],[120.62739761800003,16.371978788000035],[120.62721860700003,16.372173364000048],[120.62699289900002,16.37228232700005],[120.62672049100001,16.37228232700005],[120.62623015800011,16.37228232700005],[120.6260355820001,16.372258978000048],[120.62586435500009,16.372165581000047],[120.61244734700006,16.368481716000076],[120.6087187060001,16.367857318000063],[120.60882795800001,16.367731258000049],[120.60890779600004,16.36760939900006],[120.60892040200008,16.367437117000065],[120.60886997800003,16.367294249000054],[120.60868929100002,16.367168188000051],[120.60831951500006,16.366953886000033],[120.60817664600006,16.366857240000058],[120.60803798000006,16.366659745000049],[120.60771862700005,16.365899182000078],[120.60767240500002,16.365735303000065],[120.60763038500011,16.365642859000047],[120.6075253350001,16.365600839000024],[120.60735305300011,16.365584031000026],[120.60712194200005,16.365512597000077],[120.60693285200011,16.365369728000076],[120.60681099300007,16.365180638000027],[120.6066807310001,16.365067184000054],[120.60647063100009,16.364999952000062],[120.60636137800009,16.364949527000022],[120.60627733800004,16.364861285000075],[120.60623952000003,16.364798255000039],[120.60623531800002,16.364672195000026],[120.60626473200011,16.364533529000028],[120.60638659000006,16.36435704400003],[120.60642440800007,16.36426460000007],[120.60642861000008,16.364096520000032],[120.6063655800001,16.363945247000061],[120.61204726800008,16.359142108000071],[120.62031855300006,16.357483428000023],[120.62250801000005,16.357969974000071],[120.62711787300009,16.361933521000026],[120.62851795100005,16.363138680000077]]]},"properties":{"brgy_name":"Fort del Pilar","psgc_10d":"1430300037","city_name":"Baguio City","prov_name":"Benguet","urban_rural2015":"U"}},{"type":"Feature","geometry":{"type":"Polygon","coordinates":[[[120.59063903400011,16.409536121000031],[120.5890125840001,16.409736643000031],[120.58874393700012,16.409613832000048],[120.58861345100001,16.409521725000047],[120.58831400000008,16.409334050000041],[120.58827375700002,16.409266993000074],[120.58830352400003,16.408751705000043],[120.58840928300003,16.408393298000021],[120.58846803800009,16.408111273000031],[120.58858554900007,16.407982012000048],[120.58855204600002,16.407825407000075],[120.58861136700011,16.407712873000037],[120.58870621300002,16.407471804000068],[120.5887556130001,16.407293967000044],[120.58875166100006,16.407145769000067],[120.58873190100007,16.407058826000025],[120.58922994500006,16.406451400000037],[120.5893927300001,16.40655699000007],[120.58965670500004,16.406680178000045],[120.5898678850001,16.406776969000077],[120.59000298900003,16.406909926000026],[120.59010546200011,16.406904557000075],[120.59024184900011,16.406908957000041],[120.59060701500005,16.406838563000065],[120.59070380600008,16.406768170000078],[120.59098627900005,16.406843578000064],[120.59155440000006,16.406967895000037],[120.59149802200011,16.407890508000037],[120.59126279500003,16.408112667000069],[120.59121368000001,16.408141723000028],[120.59117078400004,16.408161221000057],[120.59075294400009,16.408891961000052],[120.59069500800001,16.409091828000044],[120.59078361600007,16.409183345000031],[120.59063903400011,16.409536121000031]]]},"properties":{"brgy_name":"General Emilio F. Aguinaldo (Quirino-Magsaysay, Lower)","psgc_10d":"1430300062","city_name":"Baguio City","prov_name":"Benguet","urban_rural2015":"R"}},{"type":"Feature","geometry":{"type":"Polygon","coordinates":[[[120.59941942300009,16.414826781000045],[120.59938198500004,16.414882938000062],[120.59932021200007,16.415124415000037],[120.59931834000008,16.415161853000029],[120.59933107200004,16.415372037000054],[120.5994271080001,16.415717766000057],[120.59954235100008,16.416037885000037],[120.59952752100003,16.41609666100004],[120.59924122100006,16.416279643000053],[120.59905633500011,16.416433193000046],[120.5990749770001,16.416678122000064],[120.59900619600012,16.416859370000054],[120.59874610300005,16.416943979000052],[120.59852047900006,16.41709439400006],[120.59822346100009,16.416742146000047],[120.59799297600011,16.416665318000071],[120.59781597000006,16.416740064000066],[120.59760114400001,16.416821130000073],[120.59751399800007,16.416869770000062],[120.59744711900009,16.416920436000055],[120.59726674600006,16.417042036000055],[120.59703082300007,16.416724427000077],[120.59706055700008,16.416516287000036],[120.59728568700007,16.416380360000062],[120.59728143900008,16.416206202000069],[120.59727719200009,16.415896117000045],[120.59729418300003,16.415802666000047],[120.59722621900005,16.415505324000037],[120.59712002500009,16.415267450000044],[120.59696699000006,16.414792453000075],[120.59763069900009,16.414557961000071],[120.59819529700007,16.414398429000073],[120.59887950300003,16.414116076000028],[120.59920603000012,16.41377089100007],[120.59922863400004,16.413073584000074],[120.59931826800005,16.413374496000074],[120.59940790100006,16.413662603000034],[120.59948473000009,16.413893089000055],[120.59945271800007,16.41405314800005],[120.59942070600005,16.414270829000031],[120.59946552200006,16.414558936000049],[120.59941942300009,16.414826781000045]]]},"properties":{"brgy_name":"General Luna, Lower","psgc_10d":"1430300039","city_name":"Baguio City","prov_name":"Benguet","urban_rural2015":"U"}},{"type":"Feature","geometry":{"type":"Polygon","coordinates":[[[120.60385462600004,16.412809664000065],[120.60395491800011,16.413624638000044],[120.60354665600005,16.413753301000042],[120.60282485200003,16.413986014000045],[120.60221348800007,16.414380443000027],[120.60212671400006,16.414498771000069],[120.60213065800008,16.414628932000028],[120.60212276900006,16.414743317000045],[120.6020991040001,16.41486164500003],[120.6019689420001,16.415098302000047],[120.60186639100004,16.415244241000039],[120.60160212400001,16.415394124000045],[120.60128001500004,16.415678040000046],[120.60117114100001,16.415851660000044],[120.60114144700003,16.415914759000032],[120.60105419500007,16.415902498000037],[120.60097270100005,16.415865456000063],[120.60086898100008,16.415795074000073],[120.60075785300012,16.415702468000063],[120.60064672500005,16.415587635000065],[120.60056523100002,16.415435760000037],[120.60048744100004,16.415246842000045],[120.60037631300008,16.415054220000059],[120.60030222800003,16.414906049000024],[120.60014294400003,16.414776399000061],[120.59997995600008,16.414724539000076],[120.59979474200009,16.414709722000055],[120.59962434600004,16.414731948000053],[120.59941942300009,16.414826781000045],[120.59946552200006,16.414558936000049],[120.59942070600005,16.414270829000031],[120.59945271800007,16.41405314800005],[120.59948473000009,16.413893089000055],[120.59940790100006,16.413662603000034],[120.59931826800005,16.413374496000074],[120.59922863400004,16.413073584000074],[120.59927028700008,16.413046928000028],[120.59964502100001,16.412689494000062],[120.59976190400005,16.412816491000058],[120.59994434300006,16.412971565000078],[120.60021800100003,16.413053662000038],[120.60035483100012,16.412971565000078],[120.60051976500006,16.41277470700004],[120.6006179310001,16.412652000000037],[120.60082653200004,16.412698015000046],[120.60097512400012,16.412789125000074],[120.60118492900006,16.412871223000025],[120.60159541600001,16.412789125000074],[120.60192380700005,16.412606686000061],[120.60200590400007,16.412533711000037],[120.60228868500008,16.412278296000068],[120.60248024600003,16.412050247000025],[120.60273566100011,16.411968150000064],[120.60282688000007,16.411822198000038],[120.60279039200009,16.411648881000076],[120.60261707500001,16.41122014900003],[120.60320088000003,16.410444783000059],[120.60385462600004,16.412809664000065]]]},"properties":{"brgy_name":"General Luna, Upper","psgc_10d":"1430300038","city_name":"Baguio City","prov_name":"Benguet","urban_rural2015":"U"}},{"type":"Feature","geometry":{"type":"Polygon","coordinates":[[[120.62654305300009,16.418761384000049],[120.62648852400002,16.418914065000024],[120.62662745500006,16.419239307000055],[120.62670435200005,16.419397373000038],[120.62677270500001,16.419623791000049],[120.6268068820001,16.419918563000067],[120.62618316200007,16.420388489000061],[120.62568333200011,16.420785790000025],[120.62511852600005,16.421111087000043],[120.62463426400006,16.421715380000023],[120.62371086500002,16.422953861000053],[120.6235849200001,16.42309152200005],[120.62351755400005,16.423196964000056],[120.62347069100008,16.423255543000039],[120.62337989300011,16.42327018800006],[120.62308799300001,16.423548362000076],[120.62309657900005,16.423634226000047],[120.62306223400003,16.423677157000043],[120.62291626600006,16.423758727000063],[120.62280035100002,16.42379307300007],[120.62269517600009,16.423898184000052],[120.62270101400009,16.423728904000029],[120.62263096700008,16.423600486000055],[120.62254340900006,16.423565462000056],[120.62242666500003,16.423582974000055],[120.62229824600001,16.423594649000052],[120.62211145500009,16.423582974000055],[120.62195968800006,16.423553788000049],[120.62184878000005,16.423489579000034],[120.62179040800004,16.42336116000007],[120.62169701300002,16.423203555000043],[120.62159194300011,16.423104323000075],[120.62140515200008,16.423075136000023],[120.62124754700005,16.423057625000069],[120.62110161700002,16.422975904000054],[120.6209031520001,16.422841648000031],[120.62083310500009,16.422771601000022],[120.62072219800007,16.422765764000076],[120.62060545400004,16.422824136000031],[120.62044784900002,16.422929206000049],[120.62031943000011,16.422935043000052],[120.62016182600007,16.422742415000073],[120.6196948490001,16.422386345000064],[120.61957810400008,16.422257927000032],[120.61956643000008,16.422187880000024],[120.61961896500009,16.422170368000025],[120.6197240350001,16.422141182000075],[120.61989331400002,16.42221706600003],[120.62002757000005,16.422292950000042],[120.62017350000008,16.422275438000042],[120.6202902440001,16.422222903000034],[120.62038364000011,16.422193717000027],[120.62041866300001,16.422117833000073],[120.62038364000011,16.422036112000058],[120.62016182600007,16.421966066000039],[120.61991082500003,16.421866833000024],[120.61981159300001,16.421773438000059],[120.6197065230001,16.421633345000032],[120.61964231400009,16.421464065000066],[120.61963063900009,16.421294786000033],[120.61964815100009,16.421020437000038],[120.6196656620001,16.420833646000062],[120.61956643000008,16.420699390000038],[120.61930375500003,16.420652693000022],[120.61914031300012,16.420623507000073],[120.6190702670001,16.420495088000052],[120.61904691800009,16.419928878000064],[120.6190527550001,16.419660366000073],[120.61895936000008,16.419485250000037],[120.61874922000004,16.419345157000066],[120.61851317600008,16.419238649000022],[120.61773354500008,16.419257599000048],[120.61759345200005,16.419216738000046],[120.61748254400004,16.419129180000027],[120.61737747500001,16.418895691000046],[120.61736177500006,16.418710624000028],[120.61726493100002,16.418547201000024],[120.61705913900005,16.41845035700004],[120.61678676600002,16.418353514000046],[120.61645386600003,16.418153774000075],[120.61646597200001,16.417996403000075],[120.61644176100003,16.41773613600003],[120.61633281200011,16.417554554000048],[120.61614517800001,16.417500080000025],[120.61547332500004,16.417348762000074],[120.61542490400006,16.417251918000034],[120.61529295100001,16.41654201800003],[120.6155027530001,16.416527032000033],[120.61559266800009,16.416354694000063],[120.61707124400004,16.416501381000046],[120.61753125100006,16.416622435000022],[120.6179549420001,16.416695068000024],[120.61825152500012,16.416634541000064],[120.61846337000009,16.416531644000031],[120.61858442500011,16.416416643000048],[120.61887495600001,16.416313746000071],[120.61912311700007,16.41633190400006],[120.61928048800007,16.416434801000037],[120.61935677500003,16.416561737000052],[120.61942583900009,16.416696749000039],[120.61957707100009,16.416967440000064],[120.61968602000002,16.417040073000067],[120.61974602400005,16.417073741000024],[120.61990997100008,16.417124811000065],[120.62017757400008,16.417272049000076],[120.62006967000002,16.416999259000022],[120.62007376200006,16.416790541000069],[120.62027020200003,16.416520436000042],[120.62056486200004,16.416229869000063],[120.62085952200005,16.416070261000073],[120.62115827500008,16.41606207600006],[120.62145293500009,16.416037521000078],[120.62156343200002,16.415910654000072],[120.62168211500011,16.415575069000056],[120.6217598720001,16.415309057000059],[120.62191538700006,16.415051229000028],[120.62209136400008,16.414895714000068],[120.62245559700011,16.41474019900005],[120.62257018700006,16.414596962000076],[120.62265430100001,16.414217544000053],[120.62327949300004,16.414184639000041],[120.6239704940001,16.41411060400003],[120.6242748630001,16.414028342000051],[120.6246861730001,16.413699294000025],[120.62488057700011,16.413691154000048],[120.62508968100008,16.413843961000055],[120.62529074300005,16.414648209000063],[120.62580546200002,16.414937738000049],[120.62598239600004,16.415170970000077],[120.62596631100007,16.415573094000024],[120.62625584000011,16.415886750000027],[120.62705204600002,16.416144109000072],[120.62745913800006,16.416193073000045],[120.62772087700012,16.416274866000037],[120.62772633000009,16.41645481200004],[120.62761181900009,16.416820155000039],[120.6273609860001,16.417201857000066],[120.62708288900001,16.417529031000072],[120.62699019000001,16.41793799800007],[120.6268156970001,16.418368776000023],[120.62654305300009,16.418761384000049]]]},"properties":{"brgy_name":"Gibraltar","psgc_10d":"1430300040","city_name":"Baguio City","prov_name":"Benguet","urban_rural2015":"U"}},{"type":"Feature","geometry":{"type":"Polygon","coordinates":[[[120.60523692000004,16.403850522000027],[120.60520748800002,16.403814208000028],[120.60517143000004,16.403793603000054],[120.60513279700001,16.403802618000043],[120.60508643700007,16.403819359000067],[120.60505835000004,16.403852529000062],[120.60504831800006,16.403900682000028],[120.60493170200004,16.403318569000078],[120.60483421000004,16.402874440000062],[120.6047583830001,16.402690288000031],[120.60455256700004,16.402571132000048],[120.60453280000002,16.402216505000069],[120.60469447200001,16.402050213000052],[120.6049513910001,16.401568379000025],[120.60520720600005,16.401084796000077],[120.60553060500001,16.400175703000059],[120.60547325300001,16.399307360000023],[120.60548206700003,16.399002475000032],[120.60564269800011,16.399018020000028],[120.60576705800008,16.399075018000076],[120.60579814800008,16.399225286000046],[120.60577223900009,16.399499913000056],[120.60584996400007,16.39953100300005],[120.60602095800004,16.399515458000053],[120.60614531800002,16.399432552000064],[120.60626449600011,16.399339282000028],[120.60640440000009,16.399225286000046],[120.60653917800005,16.399253957000042],[120.6066101130001,16.399330803000055],[120.60672242600003,16.399384004000069],[120.6068997640001,16.399386960000072],[120.60708596800009,16.399375138000039],[120.60724261600001,16.399386960000072],[120.60732537400008,16.399454939000066],[120.60734015200001,16.399576120000063],[120.60737266400008,16.399774147000073],[120.6075234000001,16.399942617000022],[120.60765582100009,16.399979406000057],[120.60779827300007,16.400019464000025],[120.60790467600009,16.400054931000057],[120.60804359000008,16.400170200000048],[120.60817068200004,16.400279559000069],[120.60820319400011,16.400421428000072],[120.60826230600003,16.400583988000051],[120.60833915300009,16.400646056000028],[120.60849875600002,16.400660834000064],[120.60866722700007,16.400675612000043],[120.60873816200001,16.400782015000061],[120.60881205300007,16.400894328000049],[120.60890958800007,16.401015509000047],[120.60894389600003,16.401121001000035],[120.60886506100007,16.401375026000039],[120.60877746600011,16.40173416500005],[120.60864079400005,16.401950181000075],[120.60851582300006,16.402132431000041],[120.60853144500004,16.402377166000065],[120.60855748000006,16.402606280000043],[120.60850020200007,16.402741665000065],[120.60841168100001,16.402840601000037],[120.60822943100004,16.402840601000037],[120.60802114600006,16.402981193000073],[120.60788055300009,16.403106165000054],[120.60773475300005,16.403179065000074],[120.60765143900005,16.403142615000036],[120.60748481100006,16.402913501000057],[120.60719321100009,16.402720837000061],[120.60631320500011,16.402892672000064],[120.60593829200002,16.403028058000075],[120.6056675210001,16.403309243000024],[120.60535509300007,16.403710192000062],[120.60523692000004,16.403850522000027]]]},"properties":{"brgy_name":"Greenwater Village","psgc_10d":"1430300041","city_name":"Baguio City","prov_name":"Benguet","urban_rural2015":"U"}},{"type":"Feature","geometry":{"type":"Polygon","coordinates":[[[120.58740051900008,16.425561317000074],[120.58703982500003,16.425509789000046],[120.58688004100009,16.425572490000036],[120.5861503860001,16.425628092000068],[120.58567009700005,16.425626186000045],[120.58528592400012,16.425606778000031],[120.58508259900009,16.425596639000048],[120.5839815920001,16.425620149000054],[120.58402226600003,16.425480049000043],[120.58402226600003,16.425387403000059],[120.58396125500008,16.425211149000063],[120.58393413900001,16.425136579000025],[120.5839251000001,16.425082347000057],[120.5838912050001,16.424989701000072],[120.58387312800005,16.424865419000071],[120.58387312800005,16.424802148000026],[120.58393865800008,16.424756954000031],[120.58409231600001,16.424693684000033],[120.58418270300001,16.42463493200006],[120.58411491300001,16.424580700000035],[120.5840719790001,16.424483534000046],[120.58404034300008,16.424393147000046],[120.58402452600001,16.424277904000064],[120.58399515000008,16.424173959000029],[120.58398443600004,16.424107707000076],[120.58404962600002,16.423961482000038],[120.5839016110001,16.424005186000045],[120.58341478800003,16.424122881000073],[120.58302384300009,16.424234067000043],[120.58263648500008,16.424259174000042],[120.58256399900006,16.42425608700006],[120.58254980100003,16.424230058000035],[120.58243385300011,16.424054951000073],[120.58237469500011,16.424017090000063],[120.5820386800001,16.424088079000057],[120.58190380000008,16.424125940000067],[120.58188250400008,16.424021823000032],[120.58186357300008,16.423934269000029],[120.58185174200003,16.423834885000076],[120.58187303800003,16.423759163000057],[120.58183517800001,16.423581690000049],[120.5820599760001,16.423416049000025],[120.58219485600011,16.423326129000031],[120.58225164700002,16.423293001000047],[120.58235813100009,16.423212547000048],[120.58272757700001,16.423096175000069],[120.58218768500001,16.422458122000023],[120.58267849600009,16.422219728000073],[120.58224860600001,16.421669181000027],[120.58420654200006,16.421688781000057],[120.58495717800008,16.421369655000035],[120.58527137500005,16.421233097000027],[120.58580057800009,16.420775468000045],[120.58640489600009,16.420394303000023],[120.58672562200002,16.42050976400003],[120.58717463700009,16.420732133000058],[120.58753385000011,16.421634441000037],[120.58764931100006,16.421685757000034],[120.58773056100006,16.421788389000028],[120.58779043000004,16.421882468000035],[120.58774339000001,16.422006482000029],[120.58799071600004,16.422491110000067],[120.58805983900004,16.422626551000064],[120.58821378800008,16.422861750000038],[120.58835490700005,16.422930171000075],[120.5875071590001,16.423559776000047],[120.58751645600012,16.423757845000068],[120.58747470300011,16.423868508000055],[120.58728458100006,16.42445347000006],[120.58728458100006,16.424723991000064],[120.58754222000005,16.425329442000077],[120.58740051900008,16.425561317000074]]]},"properties":{"brgy_name":"Guisad Central","psgc_10d":"1430300042","city_name":"Baguio City","prov_name":"Benguet","urban_rural2015":"R"}},{"type":"Feature","geometry":{"type":"Polygon","coordinates":[[[120.58580057800009,16.420775468000045],[120.58527137500005,16.421233097000027],[120.58495717800008,16.421369655000035],[120.58420654200006,16.421688781000057],[120.58224860600001,16.421669181000027],[120.58204737100004,16.421409405000077],[120.58197053600009,16.42134354600006],[120.58192581700007,16.421056801000077],[120.58182794800007,16.421007867000071],[120.58181890700007,16.42089425100005],[120.58196197500001,16.420687178000037],[120.58217281300006,16.420446221000077],[120.58217281300006,16.420412336000027],[120.58212763300003,16.42033327200005],[120.58203727400007,16.420224088000055],[120.58192056000007,16.420190203000061],[120.58186785100008,16.420133729000042],[120.5804418030001,16.41898038100004],[120.58144398000002,16.41904272000005],[120.58189544100003,16.418921015000024],[120.5821305070001,16.41885717200006],[120.58274281500007,16.418866450000053],[120.58395335400007,16.41899759100005],[120.58436834700001,16.419127048000064],[120.58478960200011,16.418926032000059],[120.58488219800006,16.418870475000062],[120.58521421900002,16.418816240000069],[120.58529358700002,16.418838728000026],[120.58555814600004,16.418863861000034],[120.58588854200002,16.418861383000035],[120.58574518400007,16.41922330400007],[120.58543261700004,16.419524121000052],[120.58533626100007,16.419705081000075],[120.58532495100008,16.419832133000057],[120.58532451000008,16.419958895000036],[120.58542680800008,16.420206689000054],[120.58557306600005,16.420426075000023],[120.58563277700011,16.420497078000039],[120.58580057800009,16.420775468000045]]]},"properties":{"brgy_name":"Guisad Sorong","psgc_10d":"1430300043","city_name":"Baguio City","prov_name":"Benguet","urban_rural2015":"U"}},{"type":"Feature","geometry":{"type":"Polygon","coordinates":[[[120.60282546700012,16.419579844000054],[120.60241280800005,16.419776026000022],[120.60201367800005,16.42000603300005],[120.60181073100011,16.420154861000071],[120.60137101300006,16.420317219000026],[120.60106659200005,16.420371338000052],[120.60095111600003,16.42043104000004],[120.60057951900001,16.42062840400007],[120.60015333000001,16.420892236000043],[120.59976593900001,16.421233235000045],[120.59967723900002,16.421122313000069],[120.59960956400005,16.421055372000069],[120.59955917000002,16.421000543000048],[120.59950119200005,16.420940823000024],[120.59915486700004,16.420561948000056],[120.59904938000011,16.420308285000033],[120.59894742600011,16.419970455000055],[120.59891924500005,16.41986432300007],[120.59891884900003,16.419863010000029],[120.59889877000001,16.419783940000059],[120.59872900300002,16.419117143000051],[120.59854006400008,16.419141787000058],[120.59803476200011,16.41939136600007],[120.59861762300011,16.418510808000065],[120.59873983500006,16.418344724000065],[120.59877743900006,16.418162972000061],[120.59882444400012,16.417752463000056],[120.59880564200012,16.417598913000063],[120.59866149400011,16.417414028000053],[120.59919296600003,16.417400601000054],[120.59947383200006,16.417426796000029],[120.59951698600003,16.417410613000072],[120.59956948600006,16.417390926000053],[120.59966912600009,16.417406868000057],[120.59974485200007,16.417470638000054],[120.60067614700006,16.417559554000036],[120.60081592600011,16.417989246000047],[120.60086252000008,16.418268805000025],[120.60087287400006,16.41866225900003],[120.60159882800008,16.41832456700007],[120.60205481100002,16.417847857000027],[120.60244924300002,16.418166445000054],[120.60242316600011,16.418219928000042],[120.60228765600004,16.418431164000026],[120.60260966200008,16.418999971000062],[120.60277132300007,16.419193621000034],[120.60282546700012,16.419579844000054]]]},"properties":{"brgy_name":"Honeymoon (Honeymoon-Holy Ghost)","psgc_10d":"1430300141","city_name":"Baguio City","prov_name":"Benguet","urban_rural2015":"R"}},{"type":"Feature","geometry":{"type":"Polygon","coordinates":[[[120.63282729500008,16.400192430000061],[120.63174550700012,16.400215522000053],[120.63082898500011,16.400321760000054],[120.62925556100004,16.401167352000073],[120.62817934600002,16.401883005000059],[120.62655767500007,16.402998099000058],[120.62530524800002,16.404122882000024],[120.62410185700003,16.405698618000031],[120.62251792900008,16.404723788000069],[120.62244424500011,16.404653052000072],[120.62236761500003,16.404579368000043],[120.62230277300011,16.40450273700003],[120.62217603800002,16.404378949000034],[120.62129388100004,16.404150538000067],[120.62121711500004,16.403942584000049],[120.62118908700006,16.403737646000025],[120.62092147900012,16.402924063000057],[120.62051498400001,16.40214504100004],[120.6199090560001,16.40009860300006],[120.62068647300009,16.397914975000049],[120.6211459110001,16.395766595000055],[120.6216969300001,16.391621975000078],[120.62193650300003,16.389274155000066],[120.62254402800011,16.387939426000059],[120.62328104800008,16.387841856000023],[120.62535624300006,16.387668835000056],[120.6273569980001,16.385636221000027],[120.62834488200008,16.383894074000068],[120.63604786900009,16.38613994800005],[120.63421247400004,16.393006373000048],[120.63369447000002,16.394944286000054],[120.63352149600007,16.395581065000044],[120.63320036000005,16.396786267000039],[120.6331684590001,16.397113607000051],[120.63297312500003,16.399071097000046],[120.63282729500008,16.400192430000061]]]},"properties":{"brgy_name":"Happy Hollow","psgc_10d":"1430300006","city_name":"Baguio City","prov_name":"Benguet","urban_rural2015":"R"}},{"type":"Feature","geometry":{"type":"Polygon","coordinates":[[[120.59747199900005,16.428282761000048],[120.59758793500009,16.428464944000041],[120.5975972330001,16.428745910000032],[120.59738466500005,16.428958479000073],[120.5970658120001,16.429113074000043],[120.59679527100002,16.42936429100007],[120.59680493300004,16.429779766000024],[120.59673729700012,16.430175916000053],[120.59665149900002,16.430508614000075],[120.59649625400004,16.430336879000038],[120.59635631000003,16.43022086700006],[120.59597035200011,16.429904712000052],[120.59539630100005,16.429432339000073],[120.59430437200001,16.428532586000074],[120.59419894200005,16.428385513000023],[120.59417223800006,16.428254957000036],[120.59413062500005,16.427637122000021],[120.59410061800008,16.426936822000073],[120.59407716500004,16.426233783000043],[120.59394351300011,16.42585955900006],[120.59375640100006,16.425712543000031],[120.59390676500004,16.425522886000067],[120.59398228900011,16.42543684900005],[120.59410917900004,16.425499410000043],[120.59428309800001,16.425576708000051],[120.59501742500004,16.425982520000048],[120.59544256200002,16.426301373000058],[120.59545222500003,16.426678199000037],[120.59546188700006,16.427277255000035],[120.59557783300011,16.427654081000071],[120.59596432100011,16.427779690000023],[120.59640878200003,16.42776036600003],[120.59688223000001,16.427876312000024],[120.59728061400006,16.428130020000026],[120.59747199900005,16.428282761000048]]]},"properties":{"brgy_name":"Happy Homes (Happy Homes-Lucban)","psgc_10d":"1430300139","city_name":"Baguio City","prov_name":"Benguet","urban_rural2015":"U"}},{"type":"Feature","geometry":{"type":"Polygon","coordinates":[[[120.59608631300011,16.412920735000057],[120.59596743700001,16.412823188000061],[120.59531275800009,16.413458725000055],[120.59558870000001,16.413715271000058],[120.59528537200003,16.413867443000072],[120.59483414200008,16.413334106000036],[120.59536892100004,16.412936756000022],[120.59570859100006,16.412565459000064],[120.59603447800009,16.412223403000041],[120.59645068800012,16.411829505000071],[120.59667216700007,16.411619724000047],[120.59697564700002,16.411249846000032],[120.59706868800004,16.411147853000045],[120.59730512200008,16.410909898000057],[120.59714862100009,16.409963068000025],[120.59711751700002,16.409626471000024],[120.59711360600011,16.409491161000062],[120.59749266600011,16.40948148700005],[120.59758063200002,16.410422046000065],[120.59803399500004,16.41061151100007],[120.59838452700001,16.410780929000055],[120.59852568400004,16.411119451000047],[120.59814468400009,16.41144272400004],[120.5978491190001,16.411666706000062],[120.59731899500002,16.412001314000065],[120.59714721500006,16.412104487000022],[120.59687574700001,16.412183728000059],[120.59608631300011,16.412920735000057]]]},"properties":{"brgy_name":"Harrison-Claudio Carantes","psgc_10d":"1430300140","city_name":"Baguio City","prov_name":"Benguet","urban_rural2015":"U"}},{"type":"Feature","geometry":{"type":"Polygon","coordinates":[[[120.6060528050001,16.39721651800005],[120.60568668800011,16.397429531000057],[120.60546036100004,16.397649201000036],[120.60514084100009,16.397808961000067],[120.60488123100004,16.397928781000076],[120.6048346340001,16.398028631000045],[120.60497442400003,16.398328181000068],[120.60518743800003,16.398574478000057],[120.60528728800011,16.398820775000047],[120.60524734800003,16.399067072000037],[120.60514526000009,16.398976567000034],[120.6050209010001,16.398945477000041],[120.60492763100001,16.398883297000054],[120.60498462900011,16.39867085000003],[120.60493799400001,16.398541309000052],[120.60481363500003,16.398463584000069],[120.60463227700006,16.398556854000049],[120.60455455200008,16.398639760000037],[120.6044042850001,16.398603488000049],[120.60426438000002,16.398453221000068],[120.60411929400004,16.398484311000061],[120.60396384500007,16.398577580000051],[120.60385503000009,16.398644942000033],[120.60362185600002,16.398536127000057],[120.60341977200005,16.398458402000074],[120.6031451450001,16.398344406000035],[120.60306742000012,16.398287408000044],[120.60302596700001,16.398168230000067],[120.60302596700001,16.398028326000031],[120.60308296500011,16.397841786000072],[120.6031658710001,16.397593067000059],[120.60311923600011,16.39742207300003],[120.60300005900001,16.39723553400006],[120.60292751500003,16.396955725000055],[120.60292751500003,16.396738096000036],[120.60279279300005,16.396494558000029],[120.60262179800009,16.396297656000058],[120.6024974390001,16.395966030000068],[120.60356394200005,16.395944778000057],[120.60413310300009,16.395933497000044],[120.60417188000008,16.395813934000046],[120.60430113700011,16.395662056000049],[120.60446270900002,16.395555419000061],[120.6046436690001,16.395419699000058],[120.60478908400012,16.395216118000064],[120.60565176700004,16.39451886300003],[120.60582448000002,16.394153509000034],[120.60624185800009,16.394500280000045],[120.60623676600005,16.394624766000049],[120.60624969200001,16.394802495000022],[120.60620768400008,16.394915595000043],[120.6061365920001,16.394993149000072],[120.60609458300007,16.395022232000031],[120.60598794600003,16.395083630000045],[120.60591039200006,16.395128870000065],[120.60663591800005,16.396036629000037],[120.60671847100002,16.396138042000075],[120.60643413200012,16.396267497000053],[120.60642026200003,16.396343784000067],[120.60643182000001,16.396422381000036],[120.60650810600009,16.396484797000028],[120.60669304200007,16.396678980000047],[120.6067947570001,16.396840799000074],[120.60682943200004,16.396905526000069],[120.6067993800001,16.396949449000033],[120.60661196500007,16.397010161000026],[120.60638563800001,16.397050101000048],[120.6060528050001,16.39721651800005]]]},"properties":{"brgy_name":"Hillside","psgc_10d":"1430300045","city_name":"Baguio City","prov_name":"Benguet","urban_rural2015":"R"}},{"type":"Feature","geometry":{"type":"Polygon","coordinates":[[[120.60469258100011,16.419485136000048],[120.60461816700001,16.419559549000041],[120.60461816700001,16.41971514200003],[120.60457081200002,16.41996544400007],[120.60446257400008,16.42029692400007],[120.60425962700003,16.420472812000071],[120.60386049700003,16.420594580000056],[120.60360343100001,16.420587815000033],[120.60343175000003,16.420524110000031],[120.60334433900005,16.420407562000037],[120.60329901000011,16.41997897400006],[120.60319753700003,16.41967455300005],[120.60305547400003,16.419586609000078],[120.60282546700012,16.419579844000054],[120.60277132300007,16.419193621000034],[120.60260966200008,16.418999971000062],[120.60228765600004,16.418431164000026],[120.60242316600011,16.418219928000042],[120.60244924300002,16.418166445000054],[120.60205481100002,16.417847857000027],[120.60203082500004,16.417333413000051],[120.60254039400002,16.417005334000066],[120.60264510000002,16.416851765000047],[120.60207968700001,16.415713960000062],[120.60114144700003,16.415914759000032],[120.60117114100001,16.415851660000044],[120.60128001500004,16.415678040000046],[120.60160212400001,16.415394124000045],[120.60186639100004,16.415244241000039],[120.6019689420001,16.415098302000047],[120.6020991040001,16.41486164500003],[120.60212276900006,16.414743317000045],[120.60213065800008,16.414628932000028],[120.60212671400006,16.414498771000069],[120.60221348800007,16.414380443000027],[120.60282485200003,16.413986014000045],[120.60354665600005,16.413753301000042],[120.60395491800011,16.413624638000044],[120.60385462600004,16.412809664000065],[120.6050438530001,16.412642638000023],[120.60577208800009,16.412849751000067],[120.60643351200008,16.413036820000059],[120.60613665400001,16.413836505000063],[120.60543733200006,16.41529040100005],[120.60547151100002,16.416257175000055],[120.60540305800009,16.417313196000066],[120.60501386800001,16.417480590000025],[120.60485026300012,16.417779530000075],[120.60478475000002,16.418181340000046],[120.60487636000005,16.418376111000043],[120.60493131300007,16.418491095000036],[120.60469258100011,16.419485136000048]]]},"properties":{"brgy_name":"Holy Ghost Extension","psgc_10d":"1430300046","city_name":"Baguio City","prov_name":"Benguet","urban_rural2015":"R"}},{"type":"Feature","geometry":{"type":"Polygon","coordinates":[[[120.60205481100002,16.417847857000027],[120.60159882800008,16.41832456700007],[120.60087287400006,16.41866225900003],[120.60086252000008,16.418268805000025],[120.60081592600011,16.417989246000047],[120.60067614700006,16.417559554000036],[120.59974485200007,16.417470638000054],[120.59966912600009,16.417406868000057],[120.59956948600006,16.417390926000053],[120.59951698600003,16.417410613000072],[120.59947383200006,16.417426796000029],[120.59919296600003,16.417400601000054],[120.59866149400011,16.417414028000053],[120.59853928100006,16.417273013000056],[120.59848914300005,16.417160201000058],[120.59852047900006,16.41709439400006],[120.59874610300005,16.416943979000052],[120.59900619600012,16.416859370000054],[120.5990749770001,16.416678122000064],[120.59905633500011,16.416433193000046],[120.59924122100006,16.416279643000053],[120.59952752100003,16.41609666100004],[120.59954235100008,16.416037885000037],[120.5994271080001,16.415717766000057],[120.59933107200004,16.415372037000054],[120.59931834000008,16.415161853000029],[120.59932021200007,16.415124415000037],[120.59938198500004,16.414882938000062],[120.59941942300009,16.414826781000045],[120.59962434600004,16.414731948000053],[120.59979474200009,16.414709722000055],[120.59997995600008,16.414724539000076],[120.60014294400003,16.414776399000061],[120.60030222800003,16.414906049000024],[120.60037631300008,16.415054220000059],[120.60048744100004,16.415246842000045],[120.60056523100002,16.415435760000037],[120.60064672500005,16.415587635000065],[120.60075785300012,16.415702468000063],[120.60086898100008,16.415795074000073],[120.60097270100005,16.415865456000063],[120.60105419500007,16.415902498000037],[120.60114144700003,16.415914759000032],[120.60207968700001,16.415713960000062],[120.60264510000002,16.416851765000047],[120.60254039400002,16.417005334000066],[120.60203082500004,16.417333413000051],[120.60205481100002,16.417847857000027]]]},"properties":{"brgy_name":"Holy Ghost Proper","psgc_10d":"1430300047","city_name":"Baguio City","prov_name":"Benguet","urban_rural2015":"R"}},{"type":"Feature","geometry":{"type":"Polygon","coordinates":[[[120.58981851500005,16.401826326000048],[120.58959340300009,16.401839190000032],[120.58942617600007,16.401826326000048],[120.58925895000004,16.401794167000048],[120.58917533700003,16.401768440000069],[120.58910458700007,16.401697691000038],[120.58910458700007,16.401517601000023],[120.58910458700007,16.401363238000044],[120.58903383800009,16.401215307000029],[120.58895665600005,16.401048080000066],[120.58887304300004,16.400951604000056],[120.58878943000002,16.400867990000052],[120.5886672260001,16.400842263000072],[120.58852572600006,16.400945172000036],[120.58839065900008,16.401099535000071],[120.58831347800003,16.401131694000071],[120.58812695600011,16.401144557000066],[120.58788898000012,16.401112398000066],[120.58770889000004,16.401060944000051],[120.5876124130001,16.400970899000072],[120.58754586200007,16.400823528000046],[120.58756674600011,16.400698223000063],[120.5876618850001,16.400605405000022],[120.58777558800011,16.400500984000075],[120.58779893500002,16.400404902000048],[120.58766386700006,16.400250539000069],[120.58752236800001,16.400141199000075],[120.58728439200002,16.400064017000034],[120.58711073400002,16.400018995000039],[120.5867955760001,16.40002542600007],[120.58666050900001,16.400064017000034],[120.58651900900009,16.400160494000033],[120.58642253300002,16.400256971000033],[120.58642253300002,16.400372743000048],[120.58645469100009,16.400437061000048],[120.58654574100001,16.40050330400004],[120.58661999600008,16.400535791000038],[120.58663478100004,16.400591424000027],[120.58657689500001,16.400642878000042],[120.58647398700009,16.400642878000042],[120.58635821500002,16.400623582000037],[120.58624887400003,16.400546401000042],[120.58611380700006,16.400417765000043],[120.58595402200001,16.400343192000037],[120.58573433100003,16.400334152000028],[120.58538701500004,16.400340584000048],[120.58518763000006,16.400301993000028],[120.58503326700009,16.400205516000028],[120.58485960900009,16.400096176000034],[120.58482158700008,16.399963453000055],[120.58504730300001,16.399073615000077],[120.58548956300001,16.398809037000035],[120.58590708300005,16.398851859000047],[120.58615331200008,16.398734098000034],[120.58644236400005,16.398851859000047],[120.5865412280001,16.398810664000052],[120.58659392400011,16.398933622000072],[120.58670283000004,16.399024962000055],[120.58682930100008,16.399105763000023],[120.58690658900002,16.399225208000075],[120.5869873900001,16.399330600000042],[120.58714438800007,16.399482874000057],[120.58736242900011,16.399625267000033],[120.58755822100011,16.399794360000044],[120.58770285000003,16.399893209000027],[120.5878182350001,16.399935803000062],[120.5879039780001,16.399963166000077],[120.58814882800004,16.399971910000033],[120.58840242300005,16.39993693200006],[120.5885685720001,16.399919442000055],[120.58876969900007,16.399823251000043],[120.58904776000008,16.399598789000038],[120.58912855900007,16.399299833000043],[120.58918302500001,16.399102270000071],[120.58928195400006,16.39891805700006],[120.58941158500011,16.398723610000047],[120.58954462800011,16.39846093500006],[120.59012628300002,16.398760006000032],[120.59162043400011,16.399386678000042],[120.59142188400006,16.399558153000044],[120.59125943400011,16.399901103000047],[120.59123235900006,16.400108678000038],[120.5909164840001,16.400415529000043],[120.59074500800011,16.400758479000046],[120.59099770900002,16.400875804000066],[120.59087332800004,16.40115098900003],[120.59064178400001,16.401408260000039],[120.59050028500008,16.401575487000059],[120.59026230900008,16.401749145000053],[120.59001146900005,16.401813463000053],[120.58981851500005,16.401826326000048]]]},"properties":{"brgy_name":"Imelda R. Marcos (La Salle)","psgc_10d":"1430300120","city_name":"Baguio City","prov_name":"Benguet","urban_rural2015":"U"}},{"type":"Feature","geometry":{"type":"Polygon","coordinates":[[[120.60619772300004,16.420666682000046],[120.60615567200011,16.420686009000065],[120.6060489570001,16.420743271000049],[120.60579526000004,16.420797527000047],[120.60568025700002,16.420763702000045],[120.60561260800011,16.420614875000069],[120.60553819400002,16.420364573000029],[120.60546654800009,16.420182383000054],[120.60537583600001,16.420019563000039],[120.60510524000006,16.419735437000043],[120.60483464400011,16.419491900000025],[120.60469258100011,16.419485136000048],[120.60493131300007,16.418491095000036],[120.60487636000005,16.418376111000043],[120.60478475000002,16.418181340000046],[120.60485026300012,16.417779530000075],[120.60501386800001,16.417480590000025],[120.60540305800009,16.417313196000066],[120.6062316550001,16.416974225000047],[120.60652960100003,16.416916679000053],[120.60681644400006,16.416902044000039],[120.60751881200008,16.416899154000077],[120.60734630200011,16.417416685000035],[120.60732165700006,16.417564551000055],[120.60737094600006,16.417695987000059],[120.60739559000001,16.417991719000042],[120.60728058400002,16.418172444000049],[120.60700128100007,16.418205303000036],[120.60665626100001,16.418139585000063],[120.60647882500007,16.418155648000038],[120.60645874400007,16.418334365000078],[120.60647553600006,16.418673545000047],[120.60619623300011,16.418903559000057],[120.60588712300012,16.419078665000029],[120.60574442100005,16.419223935000048],[120.60576906500012,16.419347157000061],[120.60588247600003,16.419541065000033],[120.60594753700002,16.419687452000062],[120.60601436700006,16.419950181000047],[120.60604836700008,16.420078272000069],[120.6062059950001,16.420571978000055],[120.60619772300004,16.420666682000046]]]},"properties":{"brgy_name":"Imelda Village","psgc_10d":"1430300049","city_name":"Baguio City","prov_name":"Benguet","urban_rural2015":"R"}},{"type":"Feature","geometry":{"type":"Polygon","coordinates":[[[120.56597798700011,16.434366545000046],[120.56150318700008,16.434330440000053],[120.56006122300005,16.434356061000074],[120.55648570500011,16.434315825000056],[120.55573058300001,16.434291982000047],[120.54516024500003,16.43451933800003],[120.54378431100008,16.429791035000051],[120.54399629000011,16.428991491000033],[120.54426187700005,16.428393922000055],[120.54614144700008,16.426374747000068],[120.54710217700006,16.425120863000075],[120.54787658800001,16.423809644000073],[120.54805327000008,16.423409847000073],[120.54903436300003,16.421801266000045],[120.55038806500011,16.419294828000034],[120.55105906400001,16.418336258000068],[120.5514733010001,16.417998873000045],[120.55178899200007,16.417681349000077],[120.5519120780001,16.417256142000042],[120.5521526550001,16.416640710000024],[120.55230931100004,16.416293831000075],[120.55248275000008,16.416036469000062],[120.55252325000004,16.41589676500007],[120.55260426900008,16.415727682000067],[120.55250681600012,16.415251941000065],[120.55271158100004,16.414627805000066],[120.5530961390001,16.413223304000041],[120.55391690500005,16.412173181000071],[120.55440907100001,16.411510399000065],[120.55567583900006,16.409802315000036],[120.55692564300011,16.408159150000074],[120.55779010700007,16.408160687000077],[120.55746059500007,16.408883360000061],[120.55773819500007,16.409263181000028],[120.55842296500009,16.409741588000031],[120.55900961900011,16.40974488300003],[120.55904836600007,16.409565962000045],[120.55910814800006,16.409355462000065],[120.55923013500001,16.409317927000075],[120.55942938200008,16.409224646000041],[120.55972746800001,16.40939768800007],[120.55979784600004,16.409430531000055],[120.56004182000004,16.409430531000055],[120.56022480200011,16.409453990000031],[120.56037963200004,16.409458682000036],[120.56047511200006,16.409506118000024],[120.56049717700012,16.409387295000045],[120.56066000200008,16.40930045500005],[120.56079568900009,16.409289600000022],[120.56089338400011,16.409338448000028],[120.56088159000001,16.40952487800007],[120.56108219800001,16.409505769000077],[120.56124536700008,16.409490480000045],[120.5612739820001,16.409553282000047],[120.56139178400008,16.409537034000039],[120.56139641100003,16.409483598000065],[120.56162708200009,16.409436095000046],[120.56181617800007,16.409412712000062],[120.56203435700002,16.409384628000055],[120.56231059100003,16.409283550000055],[120.56247964200008,16.409232497000062],[120.56254345500008,16.409215225000025],[120.56271713700005,16.409403911000027],[120.5630059560001,16.409789004000061],[120.56305779600007,16.40984084300004],[120.56316881600003,16.409771094000064],[120.56339796400005,16.409694711000043],[120.56412614500005,16.409552130000066],[120.56454370300003,16.409531762000029],[120.56473720600002,16.409536854000066],[120.56501474000004,16.409590285000036],[120.56522262200008,16.409649184000045],[120.56542703900004,16.409735802000057],[120.56551712100008,16.409780843000021],[120.56563492100008,16.409822419000022],[120.5657388620001,16.409815490000028],[120.56585319700002,16.409773914000027],[120.56600564400003,16.409680367000021],[120.56619620200001,16.40955910200006],[120.56635904300003,16.409517526000059],[120.56660503700004,16.409517526000059],[120.56679906000011,16.409545243000025],[120.56700347700007,16.409604143000024],[120.56760633500005,16.40986399600007],[120.5681087160001,16.410037231000047],[120.56903379100004,16.410435671000073],[120.56933868500005,16.410574259000043],[120.56977523700004,16.41075095900004],[120.57040927700007,16.411125147000064],[120.57085968800004,16.411388464000026],[120.57145908100006,16.411721075000059],[120.57193486500012,16.411969249000038],[120.57290732600006,16.412483309000038],[120.57326072500007,16.412736232000043],[120.57382873300003,16.413058339000031],[120.57403825200004,16.413149668000074],[120.57412683100006,16.413182939000023],[120.57406013800005,16.413215422000064],[120.57391912300011,16.413203863000035],[120.57376654800009,16.413162252000063],[120.57360703800009,16.413113706000047],[120.5734914520001,16.413092900000038],[120.57347758100002,16.413134511000067],[120.57352150400004,16.413178434000031],[120.57360472700009,16.413224669000044],[120.57373649600004,16.413287086000025],[120.57382896500008,16.413307891000045],[120.5739283690001,16.413333321000039],[120.5739792280001,16.413370308000026],[120.57398385100009,16.413409608000052],[120.57396304500003,16.413437349000048],[120.57389831700004,16.413437349000048],[120.57372724900006,16.413356438000051],[120.57363516100008,16.41333022200007],[120.57323132500005,16.413898443000051],[120.57330031800007,16.414016718000028],[120.57320175600012,16.414179346000026],[120.57293563700011,16.414598237000064],[120.5723180330001,16.415131167000027],[120.57197269100004,16.41570426800007],[120.5718863300001,16.415779834000034],[120.57179277300008,16.415974146000053],[120.57157484300001,16.415961788000061],[120.57149723500004,16.415978568000071],[120.57118051200007,16.416190416000063],[120.5710294910001,16.416270122000071],[120.57091203100003,16.41636031400003],[120.57075891300008,16.416425337000078],[120.57062467300011,16.416435825000065],[120.57064250000008,16.416702046000069],[120.57061049800006,16.416994061000025],[120.57051849400011,16.417070064000029],[120.57047145700005,16.417237597000053],[120.57058361700001,16.417362851000064],[120.57076779400006,16.417643946000055],[120.57091990400011,16.41766950300007],[120.57106022300002,16.417661139000074],[120.57130450700004,16.41767162900004],[120.57154676200003,16.417758220000053],[120.57149960700008,16.418350278000048],[120.57130770900005,16.418785741000022],[120.57048379100002,16.420863084000075],[120.5694416340001,16.424712536000072],[120.56887250000011,16.42681490800004],[120.56853676600008,16.427836328000069],[120.56746595400011,16.430572718000064],[120.56597798700011,16.434366545000046]]]},"properties":{"brgy_name":"Irisan","psgc_10d":"1430300050","city_name":"Baguio City","prov_name":"Benguet","urban_rural2015":"U"}},{"type":"Feature","geometry":{"type":"Polygon","coordinates":[[[120.59696699000006,16.414792453000075],[120.59661247600002,16.414899740000067],[120.59678142700011,16.414619204000076],[120.59676270500006,16.414277543000026],[120.59663633800005,16.41370654900004],[120.59655677300009,16.413355527000022],[120.59645964900005,16.413279720000048],[120.59608631300011,16.412920735000057],[120.59687574700001,16.412183728000059],[120.59714721500006,16.412104487000022],[120.5971016420001,16.412393113000064],[120.59703599800002,16.412864830000046],[120.59738547200004,16.41259911800006],[120.59763945500004,16.412425340000027],[120.59870216900003,16.411523035000073],[120.59895053100001,16.411755464000066],[120.59912091000001,16.411908007000022],[120.59939700400002,16.412113908000038],[120.59945350700002,16.412263342000074],[120.59964502100001,16.412689494000062],[120.59927028700008,16.413046928000028],[120.59922863400004,16.413073584000074],[120.59920603000012,16.41377089100007],[120.59887950300003,16.414116076000028],[120.59819529700007,16.414398429000073],[120.59763069900009,16.414557961000071],[120.59696699000006,16.414792453000075]]]},"properties":{"brgy_name":"Kabayanihan","psgc_10d":"1430300142","city_name":"Baguio City","prov_name":"Benguet","urban_rural2015":"U"}},{"type":"Feature","geometry":{"type":"Polygon","coordinates":[[[120.59703082300007,16.416724427000077],[120.59692460100007,16.416789983000058],[120.59685039500005,16.416842264000024],[120.59674582000002,16.416901567000025],[120.59670367000001,16.416916470000047],[120.59622587800004,16.417011015000071],[120.59618900600003,16.416882874000066],[120.59613065100007,16.416630437000038],[120.59597810800005,16.416017693000072],[120.59593639600007,16.415886163000039],[120.59583046100011,16.415551558000061],[120.59570590800001,16.415161064000074],[120.59616933300003,16.41501635700007],[120.59661247600002,16.414899740000067],[120.59696699000006,16.414792453000075],[120.59712002500009,16.415267450000044],[120.59722621900005,16.415505324000037],[120.59729418300003,16.415802666000047],[120.59727719200009,16.415896117000045],[120.59728143900008,16.416206202000069],[120.59728568700007,16.416380360000062],[120.59706055700008,16.416516287000036],[120.59703082300007,16.416724427000077]]]},"properties":{"brgy_name":"Kagitingan","psgc_10d":"1430300053","city_name":"Baguio City","prov_name":"Benguet","urban_rural2015":"U"}},{"type":"Feature","geometry":{"type":"Polygon","coordinates":[[[120.59526354600007,16.416129510000076],[120.59494935800001,16.41620862700006],[120.59490908600003,16.416056040000058],[120.59466846300006,16.416037783000036],[120.59331653100003,16.415488745000061],[120.59355052900003,16.415277575000061],[120.59345211700008,16.414611922000063],[120.59356305000006,16.414620456000023],[120.59394827000006,16.414613074000044],[120.59444198300002,16.414607656000044],[120.59484238700009,16.414566821000051],[120.59526354600007,16.416129510000076]]]},"properties":{"brgy_name":"Kayang-Hilltop","psgc_10d":"1430300143","city_name":"Baguio City","prov_name":"Benguet","urban_rural2015":"U"}},{"type":"Feature","geometry":{"type":"Polygon","coordinates":[[[120.59085716900006,16.414914053000075],[120.59073377400011,16.414993200000026],[120.5904464250001,16.415176013000064],[120.59017460700011,16.41526697300003],[120.58992529200009,16.415341549000061],[120.58942868200006,16.41540899000006],[120.58923862200004,16.415353811000045],[120.58891674600011,16.415120834000049],[120.58864085200003,16.414952232000076],[120.58834656500005,16.414835744000072],[120.58812891500008,16.414667142000042],[120.58881901300003,16.413832090000028],[120.58899441800008,16.413784084000042],[120.58902369700002,16.413726126000029],[120.58914397400008,16.413734232000024],[120.58914212800005,16.414057347000039],[120.58922636000011,16.414057110000044],[120.58952984400003,16.414100026000028],[120.58982413000001,16.414106157000049],[120.58990689900008,16.414084699000057],[120.59008163100009,16.414054044000068],[120.59025023300001,16.414060175000031],[120.59032555200008,16.414051913000037],[120.59032522500002,16.413655980000044],[120.59054048400003,16.413657138000076],[120.59079103900001,16.413686987000062],[120.59080384700007,16.413893322000035],[120.59085976300003,16.414749680000057],[120.59085716900006,16.414914053000075]]]},"properties":{"brgy_name":"Kayang Extension","psgc_10d":"1430300051","city_name":"Baguio City","prov_name":"Benguet","urban_rural2015":"R"}},{"type":"Feature","geometry":{"type":"Polygon","coordinates":[[[120.62851795100005,16.363138680000077],[120.63131959000009,16.362303809000025],[120.6337287880001,16.362360557000045],[120.63371206300008,16.362435128000072],[120.63377256500007,16.362495630000069],[120.63386836100005,16.362535965000063],[120.63399944900004,16.36257125800006],[120.63413053700003,16.362656970000046],[120.63418599700003,16.362722514000041],[120.63421120700002,16.362818309000033],[120.63415070400004,16.362974606000023],[120.63409524400004,16.363045192000072],[120.63407003500004,16.363135946000057],[120.63406499300004,16.363221657000054],[120.63407003500004,16.363327536000043],[120.63408011800004,16.363448541000025],[120.63408011800004,16.363574587000073],[120.63406499300004,16.363680466000062],[120.63399944900004,16.363781303000053],[120.63383306800006,16.36394264200004],[120.63375744000007,16.363977935000037],[120.63383306800006,16.365379571000062],[120.63394030200004,16.366724972000043],[120.63430440100001,16.368552260000058],[120.63436849000004,16.368783366000059],[120.63452163000011,16.370547944000066],[120.63485927500005,16.373355121000031],[120.63507059700009,16.37698778400005],[120.63138466800001,16.375796260000072],[120.63090989700004,16.37524763600004],[120.63075164000008,16.375068279000061],[120.63057755700004,16.374878370000033],[120.6302557680001,16.374751765000042],[120.62977044700006,16.374350847000073],[120.62938008000003,16.374266443000067],[120.62908466700003,16.374002682000025],[120.62849411900004,16.373452777000068],[120.62868411800002,16.373298402000046],[120.62907599200003,16.373025278000057],[120.62919499700001,16.372957778000057],[120.6293937800001,16.372746724000024],[120.62946495000006,16.372616656000048],[120.6294870370001,16.372496405000049],[120.62949439900001,16.372096385000077],[120.62952139400011,16.371929505000026],[120.62951584000007,16.371612026000037],[120.62950666900008,16.371419050000043],[120.62947967400009,16.371281620000047],[120.62947967400009,16.371033755000042],[120.62953366500005,16.370488942000065],[120.62959747200011,16.370390778000058],[120.62970299800008,16.370272981000028],[120.62995577200002,16.370125734000055],[120.63021590700009,16.370020207000039],[120.63032388800002,16.369973579000032],[120.63044414000001,16.369799337000075],[120.63051530900009,16.36957355900006],[120.6306085650001,16.369242254000028],[120.63068955100005,16.368952669000066],[120.63067973400007,16.368785789000071],[120.6306772800001,16.368626272000029],[120.63079753200009,16.368287605000035],[120.6290712660001,16.367305255000076],[120.62861563300009,16.367045934000032],[120.62855981500002,16.365790031000074],[120.62835049700004,16.364520173000074],[120.62816908900004,16.363627087000054],[120.62832258900005,16.363264270000059],[120.62851795100005,16.363138680000077]]]},"properties":{"brgy_name":"Kias","psgc_10d":"1430300052","city_name":"Baguio City","prov_name":"Benguet","urban_rural2015":"U"}},{"type":"Feature","geometry":{"type":"Polygon","coordinates":[[[120.59711360600011,16.409491161000062],[120.59711751700002,16.409626471000024],[120.59714862100009,16.409963068000025],[120.59730512200008,16.410909898000057],[120.59706868800004,16.411147853000045],[120.59697564700002,16.411249846000032],[120.59667216700007,16.411619724000047],[120.59645068800012,16.411829505000071],[120.59603447800009,16.412223403000041],[120.59570859100006,16.412565459000064],[120.59536892100004,16.412936756000022],[120.59483414200008,16.413334106000036],[120.5942909370001,16.412895763000051],[120.59395552500007,16.412626411000076],[120.59387140400008,16.412689501000045],[120.59382633200005,16.412696962000041],[120.59344252500011,16.412743378000073],[120.59305122900003,16.412705274000075],[120.59297086800007,16.412659479000069],[120.5927397910001,16.41243307700006],[120.59263062700006,16.412289929000053],[120.59261485400009,16.411974477000058],[120.59273060500004,16.411495284000068],[120.59245272500004,16.411219181000035],[120.59188429400001,16.410658762000025],[120.59158128600006,16.410941450000053],[120.59148075700011,16.410934852000025],[120.59084500500001,16.410875736000037],[120.59057767100001,16.410742069000037],[120.59057557900007,16.410527887000057],[120.59056891300008,16.41027219700004],[120.59057274700001,16.409911803000057],[120.59063903400011,16.409536121000031],[120.59078361600007,16.409183345000031],[120.59069500800001,16.409091828000044],[120.59075294400009,16.408891961000052],[120.59117078400004,16.408161221000057],[120.59121368000001,16.408141723000028],[120.59126279500003,16.408112667000069],[120.59149802200011,16.407890508000037],[120.59155440000006,16.406967895000037],[120.59166204300004,16.406769169000029],[120.59197669300011,16.406214391000049],[120.59220854000012,16.405667894000032],[120.59238257900006,16.405158517000075],[120.59245651400011,16.404941976000032],[120.59249612600001,16.404798953000068],[120.59251505000009,16.404543473000047],[120.59251505000009,16.404344767000055],[120.59254816800001,16.404245414000059],[120.59284149600001,16.404117674000076],[120.59303406800007,16.404064008000034],[120.59311942900001,16.403906421000045],[120.59360532500011,16.403098783000075],[120.59376295600009,16.402820432000055],[120.59397959600005,16.402442166000071],[120.59404525800005,16.402054763000024],[120.5938942360001,16.401772418000064],[120.59377604500003,16.401568867000037],[120.5936295350001,16.401415408000048],[120.59394598300003,16.401545285000054],[120.59489929600011,16.401942289000033],[120.59568727900012,16.402299327000037],[120.59576239700004,16.402411485000073],[120.59588993500006,16.402632550000078],[120.5959239450001,16.403006662000053],[120.59592302100009,16.403138317000071],[120.5959239450001,16.40340628000007],[120.59599196500005,16.403950442000053],[120.59624704100008,16.404256533000023],[120.59671211200009,16.404805108000062],[120.59687622800004,16.404987751000021],[120.59705478100011,16.405310847000067],[120.59706328400011,16.405718968000031],[120.59716531400011,16.406195110000056],[120.59728434900001,16.406441683000025],[120.59751391800012,16.406645744000059],[120.59783620900009,16.407003090000046],[120.59810381000011,16.407462299000031],[120.5972153460001,16.409306450000031],[120.59711360600011,16.409491161000062]]]},"properties":{"brgy_name":"Legarda-Burnham-Kisad","psgc_10d":"1430300119","city_name":"Baguio City","prov_name":"Benguet","urban_rural2015":"U"}},{"type":"Feature","geometry":{"type":"Polygon","coordinates":[[[120.61155256800009,16.392880008000077],[120.61002181800006,16.393119355000067],[120.60992702400006,16.392963120000047],[120.60982345200011,16.392971897000052],[120.60967534300005,16.392923248000045],[120.60968479700011,16.392731817000026],[120.60882168900002,16.391513312000029],[120.60845391500004,16.390283832000023],[120.60940250600004,16.389334937000058],[120.60937807400001,16.389244191000046],[120.60935713300012,16.388937052000074],[120.60932223100008,16.388811405000069],[120.60932223100008,16.388682267000036],[120.60928383800001,16.388598502000036],[120.60921752400009,16.388410030000045],[120.60918960300012,16.38817967600005],[120.60919309300004,16.388071480000065],[120.60928383800001,16.387945832000071],[120.60931525000001,16.387872538000067],[120.60931874100004,16.387760851000053],[120.60931525000001,16.387589830000024],[120.60926638700005,16.387432771000022],[120.60925591700004,16.387355986000046],[120.60919184500005,16.387229183000045],[120.60888689000001,16.386634804000039],[120.60790365800005,16.385596962000022],[120.60765533900008,16.384310550000066],[120.60736984800008,16.383227179000073],[120.60779149500001,16.382821117000049],[120.60811590600008,16.382468137000046],[120.60822748200007,16.382013258000029],[120.60805642900004,16.381680333000077],[120.60757575900004,16.381450818000076],[120.60765559700008,16.381202899000073],[120.60767660700003,16.381039021000049],[120.60768080900004,16.380690254000058],[120.60760097100001,16.380375103000063],[120.60734464800009,16.380059953000057],[120.60717656800011,16.379870862000075],[120.60704210400002,16.37972379200005],[120.60694966000005,16.379513691000056],[120.60688242700007,16.379286783000055],[120.60683958800007,16.379025879000039],[120.60694598700002,16.37905667900003],[120.60706638600004,16.379098679000037],[120.60721758400007,16.379137878000051],[120.60735478200002,16.379151878000073],[120.60747518100004,16.379149078000069],[120.60752278100006,16.37914347800006],[120.60762918000012,16.37912387800003],[120.60771037900008,16.379073479000056],[120.60793997600001,16.378852281000036],[120.60807717500006,16.378745882000032],[120.60818917400002,16.378681483000037],[120.60834037200004,16.378661883000063],[120.60844397100004,16.378631084000062],[120.60885836600005,16.378577884000038],[120.60897876500007,16.378569484000025],[120.60910476400011,16.37858628400005],[120.60918316300001,16.378659083000059],[120.60924196200006,16.37875708200005],[120.60932036100007,16.378880281000022],[120.60943516000009,16.379034279000052],[120.60951915900011,16.379129478000038],[120.60964515800003,16.379252677000068],[120.60977115700007,16.379325476000076],[120.60991395500002,16.379359076000071],[120.61005115400008,16.379359076000071],[120.6101659520001,16.379359076000071],[120.61030035100009,16.379353476000063],[120.61044874900006,16.379294676000029],[120.61055234800006,16.379255477000072],[120.61076794600001,16.379065079000043],[120.61093874400001,16.378852281000036],[120.61118514100008,16.378600284000072],[120.61149873800002,16.378395886000078],[120.61168073600004,16.378295087000026],[120.61176548300011,16.378344635000076],[120.61244705400009,16.378719050000029],[120.61282371100003,16.378954461000035],[120.61313983400009,16.378759407000075],[120.61350976600011,16.378761649000069],[120.61356805800006,16.378799763000075],[120.61367343200004,16.378905137000061],[120.61375414400004,16.378920831000073],[120.61384606700005,16.378907379000054],[120.61393798900008,16.379028448000042],[120.61402767000004,16.379165210000053],[120.61407475200008,16.37921005000004],[120.6141061400001,16.379252648000033],[120.61414425400005,16.379254890000027],[120.61420254600012,16.379266101000042],[120.61424962800004,16.379297489000066],[120.61509148900006,16.37983568900006],[120.61517282800003,16.379967865000026],[120.61531517200001,16.380069540000022],[120.61556980100011,16.380294241000058],[120.61558907600011,16.380833933000076],[120.61591674600004,16.381431448000058],[120.61641788800011,16.382151037000028],[120.6166234850001,16.382626480000056],[120.61668130900011,16.382877051000037],[120.61679068100011,16.382996237000043],[120.61649108400002,16.383349033000059],[120.61643228500009,16.383505831000036],[120.61643228500009,16.383601030000023],[120.61653868400003,16.383763428000066],[120.61669828200002,16.383920227000033],[120.61663999000007,16.383983999000066],[120.61660925300009,16.38408498900003],[120.61655656300002,16.384162561000039],[120.61649509000006,16.384215252000047],[120.61641459100008,16.384248916000047],[120.61620382800004,16.384286970000062],[120.61607795600003,16.384292825000045],[120.61601062900002,16.384314779000022],[120.61593305700001,16.384382106000032],[120.61591110200004,16.384440651000034],[120.6158569480001,16.384513833000028],[120.6157984030001,16.384557742000027],[120.61573400300006,16.384562132000042],[120.61557007600004,16.384547496000039],[120.6153988320001,16.384515296000075],[120.61530076800011,16.384480169000028],[120.61516757800007,16.384373324000023],[120.61509146900005,16.384288434000041],[120.61486460700007,16.38409084400007],[120.61473434400011,16.38398985300006],[120.61461725300001,16.383941553000057],[120.61455139000009,16.383929844000022],[120.61425573700001,16.383991317000039],[120.6141210830001,16.384005953000042],[120.61401716500006,16.384005953000042],[120.61393812900008,16.384029371000054],[120.61380493900003,16.384082062000061],[120.61368576900009,16.384138938000035],[120.61341395400007,16.38425393600005],[120.61318395800004,16.38427484500005],[120.61294873400004,16.38440029800006],[120.61288073500009,16.384482040000023],[120.61276507100001,16.384557667000024],[120.61251594800001,16.38458435900003],[120.6121867490001,16.384713369000053],[120.61198211200008,16.384971389000043],[120.61187534500004,16.385158232000038],[120.61095150500012,16.386766883000064],[120.61100752800007,16.388962995000043],[120.61151436000011,16.392771638000056],[120.61155256800009,16.392880008000077]]]},"properties":{"brgy_name":"Liwanag-Loakan","psgc_10d":"1430300145","city_name":"Baguio City","prov_name":"Benguet","urban_rural2015":"U"}},{"type":"Feature","geometry":{"type":"Polygon","coordinates":[[[120.62090434400011,16.382517625000048],[120.62057178000009,16.38273507100007],[120.61995142100011,16.383189148000042],[120.61950373900004,16.383304266000039],[120.61897931100009,16.383470548000048],[120.61838453400003,16.383835089000058],[120.61770661500009,16.384142071000042],[120.61721347700006,16.384497021000072],[120.61669828200002,16.383920227000033],[120.61653868400003,16.383763428000066],[120.61643228500009,16.383601030000023],[120.61643228500009,16.383505831000036],[120.61649108400002,16.383349033000059],[120.61679068100011,16.382996237000043],[120.61668130900011,16.382877051000037],[120.6166234850001,16.382626480000056],[120.61641788800011,16.382151037000028],[120.61591674600004,16.381431448000058],[120.61558907600011,16.380833933000076],[120.61556980100011,16.380294241000058],[120.61531517200001,16.380069540000022],[120.61517282800003,16.379967865000026],[120.61509148900006,16.37983568900006],[120.61424962800004,16.379297489000066],[120.61420254600012,16.379266101000042],[120.61414425400005,16.379254890000027],[120.6141061400001,16.379252648000033],[120.61407475200008,16.37921005000004],[120.61402767000004,16.379165210000053],[120.61393798900008,16.379028448000042],[120.61384606700005,16.378907379000054],[120.61375414400004,16.378920831000073],[120.61367343200004,16.378905137000061],[120.61356805800006,16.378799763000075],[120.61350976600011,16.378761649000069],[120.61313983400009,16.378759407000075],[120.61282371100003,16.378954461000035],[120.61244705400009,16.378719050000029],[120.61176548300011,16.378344635000076],[120.61168073600004,16.378295087000026],[120.61149873800002,16.378395886000078],[120.61118514100008,16.378600284000072],[120.61093874400001,16.378852281000036],[120.61076794600001,16.379065079000043],[120.61055234800006,16.379255477000072],[120.61044874900006,16.379294676000029],[120.61030035100009,16.379353476000063],[120.6101659520001,16.379359076000071],[120.61005115400008,16.379359076000071],[120.60991395500002,16.379359076000071],[120.60977115700007,16.379325476000076],[120.60964515800003,16.379252677000068],[120.60951915900011,16.379129478000038],[120.60943516000009,16.379034279000052],[120.60932036100007,16.378880281000022],[120.60924196200006,16.37875708200005],[120.60918316300001,16.378659083000059],[120.60910476400011,16.37858628400005],[120.60897876500007,16.378569484000025],[120.60885836600005,16.378577884000038],[120.60844397100004,16.378631084000062],[120.60834037200004,16.378661883000063],[120.60818917400002,16.378681483000037],[120.60807717500006,16.378745882000032],[120.60793997600001,16.378852281000036],[120.60771037900008,16.379073479000056],[120.60762918000012,16.37912387800003],[120.60752278100006,16.37914347800006],[120.60747518100004,16.379149078000069],[120.60735478200002,16.379151878000073],[120.60721758400007,16.379137878000051],[120.60706638600004,16.379098679000037],[120.60694598700002,16.37905667900003],[120.60683958800007,16.379025879000039],[120.60681519500008,16.378765734000069],[120.60685301300009,16.378694300000063],[120.60694966000005,16.378559835000033],[120.60723119400006,16.378370745000041],[120.60733624400007,16.378177453000035],[120.60732784000004,16.378038786000047],[120.60726060800005,16.377795070000047],[120.60692444800009,16.37733705100004],[120.60687822500006,16.377248809000037],[120.6068572150001,16.377177374000041],[120.60687402300005,16.377105940000035],[120.60693285200011,16.377026102000059],[120.60707151800011,16.376879032000033],[120.60732784000004,16.37666893100004],[120.60736986100005,16.37650085100006],[120.60742448700012,16.376181498000051],[120.60748331500008,16.37601341800007],[120.60754214300005,16.375853741000071],[120.60750852700005,16.375752893000026],[120.60739927500003,16.375614227000028],[120.60731943600001,16.375483965000058],[120.60728582000002,16.375374712000053],[120.60725220400002,16.375286470000049],[120.60724800200001,16.375156208000021],[120.60736565900004,16.374950309000042],[120.60770602100001,16.374588937000055],[120.60790771800009,16.374513300000046],[120.60807159600006,16.374391442000046],[120.60842876700008,16.374076292000041],[120.60886577600002,16.373698111000067],[120.60925236100002,16.373227486000076],[120.60935320900001,16.372966961000031],[120.6093826230001,16.372811487000035],[120.60937842100009,16.372698032000073],[120.60926496700006,16.372664416000077],[120.6091347040001,16.372664416000077],[120.60895401800008,16.372777871000039],[120.60863466500007,16.373139243000026],[120.60842036300005,16.373437586000023],[120.6081892520001,16.373664495000071],[120.60790771800009,16.373803161000069],[120.60760937500004,16.37389560500003],[120.60737826500008,16.374013261000073],[120.60722279000004,16.374084696000068],[120.60707151800011,16.374101504000066],[120.60694966000005,16.374025867000057],[120.60692024600007,16.373908211000071],[120.60694125600003,16.373765343000059],[120.60701269000003,16.373593060000076],[120.6071723660001,16.373433384000066],[120.60740767900006,16.373303122000038],[120.60771862700005,16.373147647000053],[120.60788670800002,16.373046799000065],[120.6080505860001,16.372782073000053],[120.60816404000002,16.372592982000072],[120.60831951500006,16.372408094000036],[120.60833632300012,16.372315650000075],[120.60828589900007,16.372269428000038],[120.60817244400005,16.372172781000074],[120.60795814200003,16.372063529000059],[120.60778585900005,16.371899651000035],[120.60767240500002,16.371748378000063],[120.60762618300009,16.371571894000056],[120.60768921300007,16.371387006000077],[120.60784468800011,16.371080259000053],[120.60796654600006,16.370723088000034],[120.6079791520001,16.370227251000074],[120.60795814200003,16.370071777000078],[120.60806319200003,16.369777636000038],[120.60829850500011,16.36951711100005],[120.60835313100006,16.36934903100007],[120.60829010100008,16.369054890000029],[120.60815563600011,16.368891012000063],[120.6079791520001,16.368659902000047],[120.60792452600003,16.368508629000075],[120.60793293000006,16.368218691000038],[120.60799175800003,16.368185075000042],[120.60817664600006,16.368067418000066],[120.60854642300001,16.367949762000023],[120.6087187060001,16.367857318000063],[120.61244734700006,16.368481716000076],[120.62586435500009,16.372165581000047],[120.6260355820001,16.372258978000048],[120.62623015800011,16.37228232700005],[120.62672049100001,16.37228232700005],[120.62699289900002,16.37228232700005],[120.62721860700003,16.372173364000048],[120.62739761800003,16.371978788000035],[120.62752993000004,16.371776428000032],[120.62764667600004,16.371651899000028],[120.62780233700005,16.371605201000023],[120.62794243200005,16.371683031000032],[120.62820705600006,16.371978788000035],[120.62837050000007,16.372243412000046],[120.62861177500008,16.372585866000065],[120.62876743700008,16.372757094000065],[120.62907599200003,16.373025278000057],[120.62868411800002,16.373298402000046],[120.62849411900004,16.373452777000068],[120.62839911900005,16.373678401000063],[120.62837536900008,16.373951525000052],[120.62831599500009,16.374842146000049],[120.62831599500009,16.375079645000028],[120.62812461100009,16.375463682000031],[120.62786429000005,16.375904225000056],[120.62723685000003,16.376658488000032],[120.62709213400001,16.376722853000047],[120.62684303100002,16.376738587000034],[120.62652263600012,16.376705213000037],[120.62634567700002,16.37667668000006],[120.62608876800005,16.376625114000035],[120.62578172300005,16.376598414000057],[120.6255080520001,16.376705213000037],[120.62510755800008,16.376958859000069],[120.62504514800003,16.377042213000038],[120.62494510800002,16.377173036000045],[120.62482721300012,16.377212505000045],[120.62454686700005,16.377252554000052],[120.62429322100002,16.377305953000075],[120.6241196740001,16.377332653000053],[120.62394612700007,16.377299278000066],[120.62380595400009,16.377225854000073],[120.62367245600001,16.377219179000065],[120.62349890900009,16.377332653000053],[120.62333203600008,16.377559599000051],[120.62322523800003,16.37796009300007],[120.62313179000012,16.378106940000066],[120.62298494200002,16.378187039000068],[120.62283141900002,16.378207064000037],[120.62271794600008,16.378180364000059],[120.62246430000005,16.377953418000061],[120.62233747700009,16.377866644000051],[120.62223067900004,16.377859969000042],[120.6206554040001,16.37837393600006],[120.6204952060001,16.378560833000051],[120.62045515700004,16.378680981000059],[120.62042845700012,16.378854529000023],[120.62042845700012,16.37908815000003],[120.62040175800007,16.379214973000046],[120.62025491000009,16.379341796000062],[120.62042584700009,16.379446816000041],[120.62058736800009,16.379484821000062],[120.62114318800002,16.379622588000075],[120.62089615700006,16.379627339000024],[120.62082964900003,16.379788860000076],[120.6205398620001,16.379917126000066],[120.6203213340001,16.379926627000032],[120.61993653500008,16.37996938200007],[120.61973701000011,16.379997886000069],[120.61932370800002,16.380126152000059],[120.61909092800011,16.380206913000052],[120.61892465700009,16.380325678000077],[120.61890090400004,16.380463445000032],[120.61885339800006,16.380539455000076],[120.61869662800007,16.381133280000029],[120.6184078340001,16.381393983000066],[120.61845912900003,16.381517702000053],[120.61843986400004,16.381694251000056],[120.61855022900011,16.381618569000068],[120.61866141900009,16.381615564000072],[120.62015798200002,16.381765821000045],[120.62046860300006,16.381746108000073],[120.62090434400011,16.382517625000048]]]},"properties":{"brgy_name":"Loakan Proper","psgc_10d":"1430300054","city_name":"Baguio City","prov_name":"Benguet","urban_rural2015":"U"}},{"type":"Feature","geometry":{"type":"Polygon","coordinates":[[[120.6040570670001,16.426659310000048],[120.60405406700011,16.426530306000075],[120.60399106500006,16.426431304000062],[120.60382306000008,16.426320300000043],[120.60373305700011,16.426287299000023],[120.60356805300012,16.426401303000034],[120.60318404200007,16.426548307000076],[120.60310202200003,16.426558846000034],[120.60284852600012,16.426547579000044],[120.60263446300007,16.426615178000077],[120.60226127900012,16.426717747000055],[120.60204227000008,16.426752101000034],[120.60193030800008,16.426688410000054],[120.6018711050001,16.426596285000073],[120.60173314400004,16.426384215000041],[120.60146231600004,16.426099445000034],[120.6017615290001,16.426024642000073],[120.6019083650001,16.425960921000069],[120.6020164140001,16.425927675000025],[120.60233977400003,16.425800195000022],[120.60302210100008,16.425525955000069],[120.60312183800011,16.425520414000061],[120.60375073900002,16.425478856000041],[120.60382277200006,16.425459463000038],[120.60385878800003,16.425415135000037],[120.60411921400009,16.425212889000022],[120.60425219700005,16.425132545000054],[120.60434085300005,16.425118693000059],[120.60509347300001,16.425375509000048],[120.60520854900005,16.425578320000056],[120.60529961800012,16.425705816000061],[120.60514538100006,16.425823612000045],[120.6040570670001,16.426659310000048]]]},"properties":{"brgy_name":"Lopez Jaena","psgc_10d":"1430300055","city_name":"Baguio City","prov_name":"Benguet","urban_rural2015":"R"}},{"type":"Feature","geometry":{"type":"Polygon","coordinates":[[[120.58557657200004,16.412856704000035],[120.58522314700008,16.412888419000069],[120.58435916900009,16.413022815000033],[120.5840455770001,16.413022815000033],[120.58317947900002,16.41274713200005],[120.58266448000006,16.412593059000073],[120.58248289500011,16.412168185000041],[120.58280022800011,16.412118822000025],[120.58298155500006,16.412094320000051],[120.58379272100001,16.411340801000051],[120.58419212700005,16.411217273000034],[120.58434036000006,16.41127491900005],[120.58495799900004,16.411390212000072],[120.58524211300005,16.411410800000056],[120.58531227600008,16.411376921000056],[120.58555555300006,16.411264699000071],[120.58566622400008,16.41122550800003],[120.58580210500008,16.411229626000022],[120.58599151400006,16.411390212000072],[120.58617268800003,16.411542563000069],[120.58633563900003,16.411705020000056],[120.58596692300011,16.411960284000031],[120.58593718100008,16.412101561000043],[120.58587769500002,16.412261428000022],[120.5857398820001,16.41224868200004],[120.58562028900008,16.412278581000066],[120.58555052700001,16.41240149500004],[120.58554056100002,16.41260746100005],[120.58563357700007,16.412746985000069],[120.58557657200004,16.412856704000035]]]},"properties":{"brgy_name":"Lourdes Subdivision Extension","psgc_10d":"1430300056","city_name":"Baguio City","prov_name":"Benguet","urban_rural2015":"R"}},{"type":"Feature","geometry":{"type":"Polygon","coordinates":[[[120.58585561100006,16.409583575000056],[120.58586308200006,16.409867470000052],[120.58575848900011,16.410069186000044],[120.58564642500005,16.410263430000043],[120.58518322700002,16.41068927300006],[120.58494415700011,16.411219710000069],[120.58495799900004,16.411390212000072],[120.58434036000006,16.41127491900005],[120.58419212700005,16.411217273000034],[120.58380984900009,16.410795017000055],[120.58414361200005,16.410649668000076],[120.58432126100001,16.410525853000024],[120.58439662700005,16.410391270000048],[120.58447737600011,16.410122106000074],[120.58462810800006,16.409917541000027],[120.5847986550001,16.409636859000045],[120.58466049300011,16.409506373000056],[120.58456408300003,16.409415242000023],[120.58450423300008,16.409355474000051],[120.58449162900001,16.409345185000063],[120.58448395300002,16.409222374000024],[120.58468352000011,16.409145618000025],[120.58505574000003,16.409122290000028],[120.58539735500005,16.40909956400003],[120.58556621900004,16.40909956400003],[120.5858007810001,16.409349993000035],[120.58585561100006,16.409583575000056]]]},"properties":{"brgy_name":"Lourdes Subdivision, Lower","psgc_10d":"1430300059","city_name":"Baguio City","prov_name":"Benguet","urban_rural2015":"R"}},{"type":"Feature","geometry":{"type":"Polygon","coordinates":[[[120.58419212700005,16.411217273000034],[120.58379272100001,16.411340801000051],[120.58298155500006,16.412094320000051],[120.58280022800011,16.412118822000025],[120.58248289500011,16.412168185000041],[120.58245864300011,16.412081623000063],[120.58225946100004,16.411817842000062],[120.58208181300006,16.411516378000044],[120.58172113300009,16.411101864000045],[120.58166730000005,16.410983432000023],[120.58163182900012,16.410924437000062],[120.58175343200003,16.410326671000064],[120.58188801500012,16.410165172000063],[120.58214641200004,16.410192089000077],[120.58246402600003,16.410208239000042],[120.58271165800011,16.409896008000032],[120.58288930600008,16.409675293000078],[120.5832822860001,16.409556861000056],[120.58365911600004,16.409389979000025],[120.58396058100004,16.409244630000046],[120.58436971100002,16.409142347000056],[120.58448395300002,16.409222374000024],[120.58449162900001,16.409345185000063],[120.58450423300008,16.409355474000051],[120.58456408300003,16.409415242000023],[120.58466049300011,16.409506373000056],[120.5847986550001,16.409636859000045],[120.58462810800006,16.409917541000027],[120.58447737600011,16.410122106000074],[120.58439662700005,16.410391270000048],[120.58432126100001,16.410525853000024],[120.58414361200005,16.410649668000076],[120.58380984900009,16.410795017000055],[120.58419212700005,16.411217273000034]]]},"properties":{"brgy_name":"Lourdes Subdivision, Proper","psgc_10d":"1430300122","city_name":"Baguio City","prov_name":"Benguet","urban_rural2015":"R"}},{"type":"Feature","geometry":{"type":"Polygon","coordinates":[[[120.6246861730001,16.413699294000025],[120.6242748630001,16.414028342000051],[120.6239704940001,16.41411060400003],[120.62327949300004,16.414184639000041],[120.62265430100001,16.414217544000053],[120.62257018700006,16.414596962000076],[120.62245559700011,16.41474019900005],[120.62209136400008,16.414895714000068],[120.62191538700006,16.415051229000028],[120.6217598720001,16.415309057000059],[120.62168211500011,16.415575069000056],[120.62156343200002,16.415910654000072],[120.62145293500009,16.416037521000078],[120.62115827500008,16.41606207600006],[120.62085952200005,16.416070261000073],[120.62056486200004,16.416229869000063],[120.62027020200003,16.416520436000042],[120.62007376200006,16.416790541000069],[120.62006967000002,16.416999259000022],[120.62017757400008,16.417272049000076],[120.61990997100008,16.417124811000065],[120.61974602400005,16.417073741000024],[120.61968602000002,16.417040073000067],[120.61957707100009,16.416967440000064],[120.61942583900009,16.416696749000039],[120.61935677500003,16.416561737000052],[120.61928048800007,16.416434801000037],[120.61912311700007,16.41633190400006],[120.61887495600001,16.416313746000071],[120.61858442500011,16.416416643000048],[120.61846337000009,16.416531644000031],[120.61825152500012,16.416634541000064],[120.6179549420001,16.416695068000024],[120.61753125100006,16.416622435000022],[120.61707124400004,16.416501381000046],[120.61559266800009,16.416354694000063],[120.61560765400009,16.416219822000073],[120.61553272500009,16.416107428000032],[120.61541283800011,16.416077456000039],[120.6156538030001,16.415278724000075],[120.61576074300001,16.414809831000071],[120.61575251700003,16.414283354000077],[120.61554686200009,16.413468960000046],[120.61544814800004,16.413065876000076],[120.61601575600002,16.413074102000053],[120.61616382700004,16.413008292000029],[120.61628722000012,16.412777959000039],[120.61645174400007,16.412416006000058],[120.61670675700009,16.412235029000044],[120.61738130500009,16.412062279000054],[120.61785019900003,16.412004696000054],[120.61826150900004,16.411947112000064],[120.61897718900002,16.411774362000074],[120.6191005820001,16.411576933000049],[120.61920752200001,16.411289016000069],[120.61924042700002,16.411132718000033],[120.62005482100005,16.410894158000076],[120.62026870200009,16.410844801000053],[120.62049903600007,16.410647372000028],[120.62088566800003,16.410523979000061],[120.62116535900009,16.410589789000028],[120.62147795400006,16.41050752700005],[120.62170828800004,16.41039236000006],[120.62196330000006,16.410384134000026],[120.62216072900003,16.410285419000047],[120.62234170600004,16.410087991000069],[120.62264607500003,16.409964597000055],[120.62272833700001,16.410137348000035],[120.62274478900008,16.410408812000071],[120.62272011100004,16.410762539000075],[120.62278592000007,16.411247885000023],[120.62289286100008,16.411511124000072],[120.62308206400007,16.411634517000039],[120.62314787300011,16.411741457000062],[120.62327126600007,16.412111636000077],[120.6234111120001,16.412391327000023],[120.6235591840001,16.412374875000069],[120.62387177900007,16.412325518000046],[120.62406098200006,16.412416006000058],[120.62414324400004,16.412638113000071],[120.62410211300005,16.412843768000073],[120.62404453000011,16.413222174000055],[120.62411033900003,16.413362019000033],[120.6242748630001,16.413526543000046],[120.62447229200006,16.413617031000058],[120.6246861730001,16.413699294000025]]]},"properties":{"brgy_name":"Lualhati","psgc_10d":"1430300063","city_name":"Baguio City","prov_name":"Benguet","urban_rural2015":"U"}},{"type":"Feature","geometry":{"type":"Polygon","coordinates":[[[120.63282729500008,16.400192430000061],[120.63258761900011,16.402117788000055],[120.63250702200003,16.402509261000034],[120.63251853600002,16.405295631000058],[120.63246317100004,16.406214763000037],[120.63209252000001,16.408496502000048],[120.63203174200009,16.409348130000069],[120.63198882300003,16.410038454000073],[120.6312870810001,16.410027292000052],[120.63062401500008,16.409992432000024],[120.63011439600007,16.409620503000042],[120.62990940600002,16.409301123000034],[120.62936114400009,16.409389572000066],[120.62896804100001,16.409277440000039],[120.62797476100002,16.408847936000029],[120.62598648200003,16.408723979000058],[120.62362238600008,16.408139039000048],[120.62320974900001,16.408037963000027],[120.62257817900002,16.407602397000062],[120.6220555000001,16.407036161000065],[120.62410185700003,16.405698618000031],[120.62530524800002,16.404122882000024],[120.62655767500007,16.402998099000058],[120.62817934600002,16.401883005000059],[120.62925556100004,16.401167352000073],[120.63082898500011,16.400321760000054],[120.63174550700012,16.400215522000053],[120.63282729500008,16.400192430000061]]]},"properties":{"brgy_name":"Lucnab","psgc_10d":"1430300064","city_name":"Baguio City","prov_name":"Benguet","urban_rural2015":"R"}},{"type":"Feature","geometry":{"type":"Polygon","coordinates":[[[120.59398228900011,16.42543684900005],[120.59390676500004,16.425522886000067],[120.59375640100006,16.425712543000031],[120.59334208200005,16.425498701000038],[120.59305050000012,16.425250915000049],[120.59262036500002,16.424883905000058],[120.59245962800003,16.424718071000029],[120.59238365100009,16.424596336000036],[120.59239911900011,16.424466399000039],[120.59251344400002,16.424295839000024],[120.5928475720001,16.42376123300005],[120.59312509300003,16.423484185000063],[120.5932618920001,16.423346914000035],[120.59339436900007,16.423164468000039],[120.5933688130001,16.423039516000074],[120.59332415100005,16.422879305000038],[120.5932618920001,16.422585102000028],[120.59361039500004,16.422537883000075],[120.59385131600004,16.42258285500003],[120.5940472640001,16.422634251000034],[120.5942014530001,16.422724195000058],[120.5943556420001,16.422900870000035],[120.5944777090001,16.422968327000035],[120.59460941200007,16.423013299000047],[120.59472505400004,16.423071120000031],[120.59484069600001,16.423183550000033],[120.59483309300003,16.423398407000036],[120.59480073500004,16.423429379000027],[120.59474111500003,16.423485503000052],[120.59465117100001,16.423597933000053],[120.59455801600006,16.423675027000058],[120.59445201100004,16.423755334000077],[120.59430424600009,16.42378745700006],[120.59423357600008,16.423822792000067],[120.59420787800002,16.424002679000068],[120.59421430200007,16.424153656000044],[120.59415326900012,16.424311057000068],[120.5940312030001,16.424458822000076],[120.59401255700004,16.424591164000049],[120.59359708200009,16.424726434000036],[120.59346181100011,16.42500663800007],[120.59351012200011,16.425180558000022],[120.59373235300006,16.425315829000056],[120.59398228900011,16.42543684900005]]]},"properties":{"brgy_name":"Magsaysay Private Road","psgc_10d":"1430300066","city_name":"Baguio City","prov_name":"Benguet","urban_rural2015":"U"}},{"type":"Feature","geometry":{"type":"Polygon","coordinates":[[[120.59361039500004,16.422537883000075],[120.5932618920001,16.422585102000028],[120.59332415100005,16.422879305000038],[120.5933688130001,16.423039516000074],[120.59339436900007,16.423164468000039],[120.5932618920001,16.423346914000035],[120.59312509300003,16.423484185000063],[120.5928475720001,16.42376123300005],[120.59251344400002,16.424295839000024],[120.59239911900011,16.424466399000039],[120.59238365100009,16.424596336000036],[120.59216708800011,16.424553024000033],[120.59206920000008,16.424491193000051],[120.59199877200001,16.424285153000028],[120.59181832700006,16.42376868100007],[120.59222808100003,16.423271476000025],[120.59205452200001,16.421584100000075],[120.59205899500012,16.421502705000023],[120.59225746600009,16.421457888000077],[120.59237270800008,16.421349049000071],[120.59246874300004,16.421214600000042],[120.59249435200002,16.421060944000033],[120.59239191500001,16.420696012000064],[120.59235990400009,16.420510345000025],[120.59243032900008,16.42036309100007],[120.59259679000002,16.42027986100004],[120.59286568700009,16.42019022900007],[120.59294931300008,16.42007706000004],[120.59324028100002,16.419893474000048],[120.5933751770001,16.419806405000031],[120.59362131000012,16.41964753700006],[120.59365941300007,16.419377353000073],[120.59389627700011,16.418961405000061],[120.59413679600004,16.419081664000032],[120.59427423500006,16.419021534000024],[120.59439449400008,16.418729476000067],[120.59444603400004,16.418463188000032],[120.59476386200004,16.417973561000053],[120.5951062800001,16.417787019000059],[120.59546200300008,16.417464237000047],[120.59570964000011,16.417269411000063],[120.59607791500002,16.416942224000024],[120.59618900600003,16.416882874000066],[120.59622587800004,16.417011015000071],[120.5962224970001,16.417099547000078],[120.59618255000009,16.417188319000047],[120.59611153200001,16.417294846000061],[120.59604495300005,16.417405811000037],[120.59592853300001,16.417467412000065],[120.5957671110001,16.417705700000056],[120.59578133700006,16.417803291000041],[120.59570216400004,16.417917653000075],[120.59562299000004,16.418045210000059],[120.59549103400002,16.418203558000073],[120.59547344000009,16.418339912000022],[120.59552182400012,16.418493861000059],[120.59555701200009,16.418634614000041],[120.59561419300007,16.418858940000064],[120.59561464400008,16.418981478000035],[120.59561419300007,16.419118453000067],[120.59562299000004,16.419219620000035],[120.59564938100004,16.419285598000045],[120.59559659900003,16.419377967000059],[120.59551742500003,16.41943075000006],[120.59402091000004,16.419999822000023],[120.59360558000003,16.420085882000024],[120.59333727000001,16.420187905000034],[120.59306141500008,16.420299664000026],[120.59311404400012,16.420579650000036],[120.59316833600008,16.420874365000032],[120.5932292120001,16.421660812000027],[120.59330354700012,16.42165234600003],[120.59353256400004,16.421616441000026],[120.5938600500001,16.421508888000062],[120.59402799100008,16.42191149000007],[120.59393483500003,16.422007858000029],[120.59378064600003,16.42211386300005],[120.59364251800002,16.422203806000027],[120.59357184800001,16.422303387000056],[120.59354936200009,16.422402967000039],[120.59356221100006,16.422492911000063],[120.59361039500004,16.422537883000075]]]},"properties":{"brgy_name":"Magsaysay, Lower","psgc_10d":"1430300065","city_name":"Baguio City","prov_name":"Benguet","urban_rural2015":"R"}},{"type":"Feature","geometry":{"type":"Polygon","coordinates":[[[120.59618900600003,16.416882874000066],[120.59607791500002,16.416942224000024],[120.59570964000011,16.417269411000063],[120.59546200300008,16.417464237000047],[120.59516303600003,16.416829174000043],[120.59498770200003,16.41633725500003],[120.59494935800001,16.41620862700006],[120.59526354600007,16.416129510000076],[120.59542231100011,16.416089978000059],[120.59597810800005,16.416017693000072],[120.59613065100007,16.416630437000038],[120.59618900600003,16.416882874000066]]]},"properties":{"brgy_name":"Magsaysay, Upper","psgc_10d":"1430300159","city_name":"Baguio City","prov_name":"Benguet","urban_rural2015":"R"}},{"type":"Feature","geometry":{"type":"Polygon","coordinates":[[[120.59661247600002,16.414899740000067],[120.59616933300003,16.41501635700007],[120.59570590800001,16.415161064000074],[120.59563613400007,16.414910033000069],[120.59553809200008,16.414564884000072],[120.59538702600003,16.414031654000041],[120.59528537200003,16.413867443000072],[120.59558870000001,16.413715271000058],[120.59531275800009,16.413458725000055],[120.59596743700001,16.412823188000061],[120.59608631300011,16.412920735000057],[120.59645964900005,16.413279720000048],[120.59655677300009,16.413355527000022],[120.59663633800005,16.41370654900004],[120.59676270500006,16.414277543000026],[120.59678142700011,16.414619204000076],[120.59661247600002,16.414899740000067]]]},"properties":{"brgy_name":"Malcolm Square-Perfecto (Jose Abad Santos)","psgc_10d":"1430300147","city_name":"Baguio City","prov_name":"Benguet","urban_rural2015":"U"}},{"type":"Feature","geometry":{"type":"Polygon","coordinates":[[[120.60751881200008,16.416899154000077],[120.60681644400006,16.416902044000039],[120.60652960100003,16.416916679000053],[120.6062316550001,16.416974225000047],[120.60540305800009,16.417313196000066],[120.60547151100002,16.416257175000055],[120.60543733200006,16.41529040100005],[120.60613665400001,16.413836505000063],[120.60643351200008,16.413036820000059],[120.60703932600006,16.413190021000048],[120.60745037600009,16.413395546000061],[120.60769327000003,16.41361975600006],[120.60784274300011,16.413888807000035],[120.60797726900012,16.414086859000065],[120.60802584800001,16.414165332000039],[120.60810432100004,16.414232595000044],[120.60817158400005,16.414288647000035],[120.60831841700008,16.414342805000047],[120.60873652600003,16.414544567000064],[120.60861755500002,16.414666889000046],[120.60855091900009,16.414815538000028],[120.60847915800002,16.415046200000063],[120.60843815100009,16.415235856000038],[120.60826899900007,16.415635671000075],[120.60820748900005,16.415912465000076],[120.60787204700011,16.416356979000057],[120.60780632900003,16.416545919000043],[120.60751881200008,16.416899154000077]]]},"properties":{"brgy_name":"Manuel A. Roxas","psgc_10d":"1430300148","city_name":"Baguio City","prov_name":"Benguet","urban_rural2015":"U"}},{"type":"Feature","geometry":{"type":"Polygon","coordinates":[[[120.59516303600003,16.416829174000043],[120.59452069300005,16.417026271000054],[120.59442782800011,16.41707049300004],[120.59439687300005,16.417176624000035],[120.59436591800011,16.417388887000072],[120.59431285200003,16.417433108000068],[120.59411385600004,16.417468485000029],[120.59392812600004,16.417486174000032],[120.59379988400008,16.417592305000028],[120.59372913000004,16.417663059000063],[120.5935876210001,16.417534817000046],[120.59353013300006,16.417477330000054],[120.59341073600001,16.417525973000068],[120.59333555900002,16.417455219000033],[120.59320731700006,16.417234112000074],[120.59310560800009,16.41703953800004],[120.59348967900007,16.416554805000033],[120.59353433100011,16.41640968400003],[120.59356782100008,16.416238515000032],[120.59354549500006,16.416152930000067],[120.59350456300001,16.416067346000034],[120.59333339400007,16.415955714000063],[120.59307664000005,16.415743613000075],[120.59313808700006,16.415604569000038],[120.59331653100003,16.415488745000061],[120.59466846300006,16.416037783000036],[120.59490908600003,16.416056040000058],[120.59494935800001,16.41620862700006],[120.59498770200003,16.41633725500003],[120.59516303600003,16.416829174000043]]]},"properties":{"brgy_name":"Market Subdivision, Upper","psgc_10d":"1430300160","city_name":"Baguio City","prov_name":"Benguet","urban_rural2015":"R"}},{"type":"Feature","geometry":{"type":"Polygon","coordinates":[[[120.57796040500011,16.416060307000066],[120.57760361500004,16.416008529000067],[120.57742661000009,16.416008529000067],[120.57719060200009,16.416085231000068],[120.57714831900012,16.41610987100006],[120.57615807000002,16.416468743000053],[120.57598696500008,16.416515944000025],[120.5756272970001,16.416449533000048],[120.5753412900001,16.416829306000068],[120.57505937300004,16.417080114000044],[120.57491699400009,16.41711781600003],[120.57426526400002,16.417293611000048],[120.5741919300001,16.417168940000067],[120.57410039700005,16.417069446000028],[120.57397304500012,16.41696597300006],[120.57391334900001,16.416902298000025],[120.57358844900011,16.41658684500004],[120.57349406100002,16.416578455000035],[120.57329479800001,16.416463092000072],[120.57312699800002,16.416345632000059],[120.57300744000008,16.416326754000067],[120.57276203200001,16.416322559000037],[120.57239496800003,16.416182026000058],[120.57232258500005,16.416406031000065],[120.57232658500004,16.416850053000076],[120.57229458400002,16.41697406000003],[120.57205457200007,16.417082065000045],[120.57197856800008,16.417150069000058],[120.57179140000005,16.417395695000039],[120.57185478200006,16.41741851300003],[120.57233141600011,16.417758241000058],[120.57234662700012,16.417877400000066],[120.57233309800006,16.417949183000076],[120.57233933800001,16.418053868000072],[120.57206771300002,16.417938095000068],[120.57174307300011,16.417817632000038],[120.57161843000006,16.417783837000059],[120.57154676200003,16.417758220000053],[120.57130450700004,16.41767162900004],[120.57106022300002,16.417661139000074],[120.57091990400011,16.41766950300007],[120.57076779400006,16.417643946000055],[120.57058361700001,16.417362851000064],[120.57047145700005,16.417237597000053],[120.57051849400011,16.417070064000029],[120.57061049800006,16.416994061000025],[120.57064250000008,16.416702046000069],[120.57062467300011,16.416435825000065],[120.57075891300008,16.416425337000078],[120.57091203100003,16.41636031400003],[120.5710294910001,16.416270122000071],[120.57118051200007,16.416190416000063],[120.57149723500004,16.415978568000071],[120.57157484300001,16.415961788000061],[120.57179277300008,16.415974146000053],[120.5718863300001,16.415779834000034],[120.57197269100004,16.41570426800007],[120.5723180330001,16.415131167000027],[120.57293563700011,16.414598237000064],[120.57387198100002,16.414672159000077],[120.57419328900005,16.414727561000063],[120.57486746400002,16.414800291000063],[120.57486294900002,16.414982953000049],[120.57486294900002,16.415131958000075],[120.57487540200009,16.415188706000038],[120.57534400100008,16.41513528400003],[120.57538512500003,16.415034276000029],[120.57580448500005,16.41514204300006],[120.57612632500002,16.415322042000071],[120.57630664600003,16.414829002000033],[120.57658024700004,16.414797845000066],[120.57674229100007,16.414780268000072],[120.57685571900004,16.414820445000032],[120.57691909500011,16.414815256000054],[120.57711683100001,16.414886522000074],[120.57719374100009,16.414888719000032],[120.57724428200004,16.414915088000043],[120.57729211500009,16.414929374000053],[120.57730580200007,16.41500465300004],[120.57733545700012,16.415063964000069],[120.57739933000005,16.415107306000039],[120.57751567000003,16.41513696100003],[120.57782362900002,16.415191710000045],[120.57798787400009,16.415212240000074],[120.57831976900002,16.415198920000023],[120.57806807300005,16.415534515000047],[120.57796040500011,16.416060307000066]]]},"properties":{"brgy_name":"Middle Quezon Hill Subdivision(Quezon Hill Middle)","psgc_10d":"1430300154","city_name":"Baguio City","prov_name":"Benguet","urban_rural2015":"R"}},{"type":"Feature","geometry":{"type":"Polygon","coordinates":[[[120.58902369700002,16.413726126000029],[120.58899441800008,16.413784084000042],[120.58881901300003,16.413832090000028],[120.58812891500008,16.414667142000042],[120.58802162300003,16.41444642700003],[120.58791433100009,16.414191991000052],[120.58774879500004,16.413986603000069],[120.58746983600008,16.413673924000022],[120.58676621600011,16.413331373000062],[120.58635564600002,16.413173029000063],[120.5860612030001,16.413055143000065],[120.58581475700009,16.412966422000068],[120.58557657200004,16.412856704000035],[120.58563357700007,16.412746985000069],[120.58554056100002,16.41260746100005],[120.58555052700001,16.41240149500004],[120.58562028900008,16.412278581000066],[120.5857398820001,16.41224868200004],[120.58587769500002,16.412261428000022],[120.58593718100008,16.412101561000043],[120.58596692300011,16.411960284000031],[120.58633563900003,16.411705020000056],[120.58617268800003,16.411542563000069],[120.58637503700004,16.411352489000024],[120.58673780300001,16.411532976000046],[120.58677773200009,16.411638501000027],[120.58683762500004,16.411715506000064],[120.58723120700006,16.412191798000038],[120.58762193700011,16.412659534000056],[120.58791394600007,16.412812213000052],[120.58812165300003,16.412942772000065],[120.58834716400008,16.413049593000039],[120.58854893700004,16.413138611000022],[120.58864982400007,16.413292908000074],[120.58882785900005,16.413322580000056],[120.58902369700002,16.413726126000029]]]},"properties":{"brgy_name":"MRR-Queen Of Peace","psgc_10d":"1430300091","city_name":"Baguio City","prov_name":"Benguet","urban_rural2015":"U"}},{"type":"Feature","geometry":{"type":"Polygon","coordinates":[[[120.60036334200004,16.406401455000037],[120.60029323100002,16.406362613000056],[120.59999793100008,16.406141137000077],[120.59971185800009,16.406113453000046],[120.59856756800002,16.407137778000049],[120.59810381000011,16.407462299000031],[120.59783620900009,16.407003090000046],[120.59751391800012,16.406645744000059],[120.59728434900001,16.406441683000025],[120.59716531400011,16.406195110000056],[120.59706328400011,16.405718968000031],[120.59705478100011,16.405310847000067],[120.59687622800004,16.404987751000021],[120.59671211200009,16.404805108000062],[120.59624704100008,16.404256533000023],[120.59599196500005,16.403950442000053],[120.5959239450001,16.40340628000007],[120.59592302100009,16.403138317000071],[120.5959239450001,16.403006662000053],[120.59588993500006,16.402632550000078],[120.59576239700004,16.402411485000073],[120.59568727900012,16.402299327000037],[120.59627854400003,16.401984331000051],[120.59777895200011,16.40168669600007],[120.59829006400003,16.401418362000072],[120.59853199400004,16.401148374000059],[120.59936978700011,16.400083082000037],[120.5996068820001,16.399712279000028],[120.60254600000007,16.399740854000072],[120.60229178600002,16.402082543000063],[120.60201220600004,16.402149110000039],[120.60189238600003,16.402268930000048],[120.60190570000009,16.402428690000022],[120.60200555000006,16.40256848000007],[120.6023969150001,16.402917769000055],[120.60260273100005,16.402950266000062],[120.60355598400008,16.403026093000051],[120.60387012400008,16.402917769000055],[120.60416260000011,16.402722786000027],[120.60455256700004,16.402571132000048],[120.6047583830001,16.402690288000031],[120.60483421000004,16.402874440000062],[120.60493170200004,16.403318569000078],[120.60504831800006,16.403900682000028],[120.60506437000004,16.403966894000064],[120.60507230400003,16.404045752000059],[120.60505205300001,16.404052293000063],[120.60473814200009,16.404167123000036],[120.60349409900005,16.404551808000065],[120.6028566650001,16.404726372000027],[120.60206906900009,16.405203473000029],[120.60177582500012,16.405493977000049],[120.60159899300004,16.405582378000076],[120.60149471500006,16.405556964000027],[120.60138133800001,16.405537416000072],[120.60127187000012,16.405572602000063],[120.60112721600001,16.405639065000059],[120.60062679200007,16.406088664000038],[120.60047491300008,16.406253624000044],[120.60050001600007,16.40631219900007],[120.6004804910001,16.406376352000052],[120.60043028500002,16.406415401000061],[120.60036334200004,16.406401455000037]]]},"properties":{"brgy_name":"Military Cut-off","psgc_10d":"1430300071","city_name":"Baguio City","prov_name":"Benguet","urban_rural2015":"U"}},{"type":"Feature","geometry":{"type":"Polygon","coordinates":[[[120.6296130610001,16.428606459000036],[120.62864489000003,16.428626950000023],[120.62638760900006,16.429409984000074],[120.62243471900001,16.429415823000056],[120.62246603200003,16.429376816000058],[120.62268377300006,16.42912883300005],[120.6228531270001,16.429032059000065],[120.62300433600001,16.428923188000056],[120.6230345780001,16.428820366000025],[120.6230345780001,16.428651012000046],[120.62299828800008,16.428439319000063],[120.62264143400012,16.427659080000069],[120.62240554800007,16.427302226000052],[120.62218780700005,16.426999807000072],[120.62216966200003,16.426806260000035],[120.62219990300002,16.426564325000072],[120.62216361300011,16.426286100000027],[120.6220305490001,16.426007875000039],[120.62210312900004,16.425790134000067],[120.62221804800004,16.425554247000036],[120.62239950000003,16.425106668000069],[120.62250837000011,16.424858685000061],[120.62254340900006,16.424493579000057],[120.62257843200007,16.424330137000027],[120.62262513000007,16.424090812000031],[120.62269517600009,16.423898184000052],[120.62280035100002,16.42379307300007],[120.62291626600006,16.423758727000063],[120.62306223400003,16.423677157000043],[120.62309657900005,16.423634226000047],[120.62308799300001,16.423548362000076],[120.62337989300011,16.42327018800006],[120.62347069100008,16.423255543000039],[120.62351755400005,16.423196964000056],[120.6235849200001,16.42309152200005],[120.62371086500002,16.422953861000053],[120.62463426400006,16.421715380000023],[120.62511852600005,16.421111087000043],[120.62568333200011,16.420785790000025],[120.62618316200007,16.420388489000061],[120.6268068820001,16.419918563000067],[120.62677270500001,16.419623791000049],[120.62670435200005,16.419397373000038],[120.62662745500006,16.419239307000055],[120.62648852400002,16.418914065000024],[120.62654305300009,16.418761384000049],[120.62986004700008,16.418957277000061],[120.63086440000006,16.419159157000024],[120.63004894000005,16.422044248000077],[120.62972588100001,16.424391807000063],[120.6296130610001,16.428606459000036]]]},"properties":{"brgy_name":"Mines View Park","psgc_10d":"1430300072","city_name":"Baguio City","prov_name":"Benguet","urban_rural2015":"U"}},{"type":"Feature","geometry":{"type":"Polygon","coordinates":[[[120.60561319100009,16.424353831000076],[120.60532546700006,16.424612827000033],[120.60511188300006,16.424588183000026],[120.60459730300011,16.424168162000058],[120.60403105900002,16.423858913000061],[120.6031357490001,16.42349250500007],[120.60297604200002,16.423429900000031],[120.6026820940001,16.423321494000049],[120.60254887400004,16.423265604000051],[120.60241132600004,16.42321223700003],[120.60166989300001,16.42287129500005],[120.60120165000001,16.422534489000043],[120.60131215700005,16.422460801000057],[120.60139305400003,16.422436980000043],[120.60158140400006,16.422359928000049],[120.60167129800004,16.422270033000075],[120.60176119200003,16.422218665000059],[120.60190673600005,16.422103087000039],[120.60214645400004,16.422017473000039],[120.60236048800004,16.422008912000024],[120.60239901400007,16.421940421000045],[120.60250603100008,16.421897614000045],[120.60263873200006,16.421884772000055],[120.60272862600004,16.421889053000029],[120.60292675300002,16.421146192000037],[120.60327177400006,16.421162622000054],[120.60347714300008,16.421105118000071],[120.60355454100011,16.421352429000024],[120.60363987000005,16.421408622000058],[120.60380012300004,16.421458571000073],[120.60395621300006,16.421518926000033],[120.60408108500008,16.421770751000054],[120.60413519700012,16.421931004000044],[120.60417682100001,16.422022577000064],[120.60418514600008,16.422122475000037],[120.60418306500003,16.422259834000045],[120.60418306500003,16.422432574000027],[120.60425382500011,16.422580340000025],[120.60430168500011,16.422673202000055],[120.60442969500002,16.422643872000037],[120.6044495650001,16.422635383000056],[120.60477051100008,16.422959223000078],[120.6047876340001,16.423113327000067],[120.6047855060001,16.423384233000036],[120.60497165200002,16.423459484000034],[120.60491224400005,16.423633749000032],[120.60498749500005,16.423748605000071],[120.60527661600008,16.423954555000023],[120.60556177700005,16.424219913000059],[120.60561319100009,16.424353831000076]]]},"properties":{"brgy_name":"Modern Site, West","psgc_10d":"1430300075","city_name":"Baguio City","prov_name":"Benguet","urban_rural2015":"R"}},{"type":"Feature","geometry":{"type":"Polygon","coordinates":[[[120.60750578200009,16.424282682000069],[120.60687403700001,16.424171693000062],[120.60673103500005,16.424037358000078],[120.60662270000012,16.424037358000078],[120.60655336600007,16.424167360000069],[120.6062023610001,16.424141360000021],[120.60573819000001,16.424127546000022],[120.60561319100009,16.424353831000076],[120.60556177700005,16.424219913000059],[120.60527661600008,16.423954555000023],[120.60498749500005,16.423748605000071],[120.60491224400005,16.423633749000032],[120.60497165200002,16.423459484000034],[120.6047855060001,16.423384233000036],[120.6047876340001,16.423113327000067],[120.60477051100008,16.422959223000078],[120.6044495650001,16.422635383000056],[120.60442969500002,16.422643872000037],[120.60430168500011,16.422673202000055],[120.60425382500011,16.422580340000025],[120.60418306500003,16.422432574000027],[120.60418306500003,16.422259834000045],[120.60418514600008,16.422122475000037],[120.60417682100001,16.422022577000064],[120.60413519700012,16.421931004000044],[120.60408108500008,16.421770751000054],[120.60395621300006,16.421518926000033],[120.60380012300004,16.421458571000073],[120.60363987000005,16.421408622000058],[120.60355454100011,16.421352429000024],[120.60347714300008,16.421105118000071],[120.60372358600011,16.420973682000067],[120.60360343100001,16.420587815000033],[120.60386049700003,16.420594580000056],[120.60425962700003,16.420472812000071],[120.60446257400008,16.42029692400007],[120.60457081200002,16.41996544400007],[120.60461816700001,16.41971514200003],[120.60461816700001,16.419559549000041],[120.60469258100011,16.419485136000048],[120.60483464400011,16.419491900000025],[120.60510524000006,16.419735437000043],[120.60537583600001,16.420019563000039],[120.60546654800009,16.420182383000054],[120.60553819400002,16.420364573000029],[120.60561260800011,16.420614875000069],[120.60568025700002,16.420763702000045],[120.60579526000004,16.420797527000047],[120.6060489570001,16.420743271000049],[120.60615567200011,16.420686009000065],[120.60619772300004,16.420666682000046],[120.60628560200007,16.420658772000024],[120.60659186700002,16.42074384600005],[120.60665141900006,16.420758025000055],[120.60698320600011,16.420647429000041],[120.60738588800007,16.420482953000032],[120.60751066300008,16.420417730000054],[120.60762976600006,16.420417730000054],[120.60782260000008,16.420426237000072],[120.60795871800008,16.420499968000058],[120.60803812000006,16.420596385000067],[120.60805797100011,16.420664443000078],[120.60804946300004,16.420721159000038],[120.6082684590001,16.421338902000059],[120.60831091800003,16.421809808000035],[120.60838425600002,16.421906306000039],[120.60856953100006,16.422022102000028],[120.60872006600005,16.422168778000071],[120.60891437900011,16.422238307000043],[120.60884632000011,16.422317709000026],[120.60882930500009,16.422382932000062],[120.60884915600002,16.422504871000058],[120.60887751400003,16.422601288000067],[120.60885482800006,16.422706212000037],[120.6088037830001,16.422771436000062],[120.60869885900001,16.422762928000054],[120.60858826300012,16.422737406000067],[120.60844647400006,16.42270054100004],[120.60824513300008,16.422785615000066],[120.6080296130001,16.422921733000067],[120.60781125700009,16.423125909000078],[120.60765245200002,16.423242177000077],[120.60753051400002,16.423284714000033],[120.60745111100005,16.423276206000025],[120.60747077000008,16.423507011000027],[120.60741188000009,16.42370605900004],[120.60736084500002,16.423822306000034],[120.60734950300002,16.423898859000076],[120.60739486800003,16.42406330600005],[120.60750578200009,16.424282682000069]]]},"properties":{"brgy_name":"Modern Site, East","psgc_10d":"1430300074","city_name":"Baguio City","prov_name":"Benguet","urban_rural2015":"R"}},{"type":"Feature","geometry":{"type":"Polygon","coordinates":[[[120.59976593900001,16.421233235000045],[120.59947170000009,16.421499259000029],[120.59869872400009,16.421972707000066],[120.59830581000006,16.422112790000028],[120.59811899200008,16.422426830000063],[120.59806220200005,16.422749927000041],[120.59805135700003,16.422813318000067],[120.59805135700003,16.423035549000076],[120.59805135700003,16.423412375000055],[120.59796439700006,16.423586295000064],[120.59784845000001,16.423586295000064],[120.59733635400005,16.423296429000061],[120.59692087900009,16.42315149600006],[120.59661168900004,16.423180482000078],[120.59641844500004,16.423267442000054],[120.59634082700006,16.42328634200004],[120.59630549200006,16.423331314000052],[120.59630249800011,16.423373726000023],[120.59630549200006,16.423430895000024],[120.59634749500003,16.423473236000063],[120.59643776900009,16.423566970000024],[120.59668898600012,16.42367325400005],[120.59695952800007,16.423692579000033],[120.59707001300001,16.423752122000053],[120.5971141230001,16.423808525000027],[120.59715031900009,16.423887037000043],[120.59715277200007,16.424001769000029],[120.59707547400001,16.424166027000069],[120.59689189300002,16.424224000000038],[120.59664920500006,16.424150444000077],[120.59629264300008,16.423896674000048],[120.59615130300006,16.423829216000058],[120.59603195700004,16.423837512000034],[120.59595535400001,16.423842065000031],[120.59591601000011,16.423934134000035],[120.59588789600002,16.424201840000023],[120.59584292500006,16.424333543000046],[120.59564697600001,16.424413850000064],[120.59549599900004,16.424465246000068],[120.59514745600006,16.423916348000034],[120.59487085800004,16.423495607000064],[120.59483309300003,16.423398407000036],[120.59484069600001,16.423183550000033],[120.59472505400004,16.423071120000031],[120.59460941200007,16.423013299000047],[120.5944777090001,16.422968327000035],[120.5943556420001,16.422900870000035],[120.5942014530001,16.422724195000058],[120.5940472640001,16.422634251000034],[120.59385131600004,16.42258285500003],[120.59361039500004,16.422537883000075],[120.59356221100006,16.422492911000063],[120.59354936200009,16.422402967000039],[120.59357184800001,16.422303387000056],[120.59364251800002,16.422203806000027],[120.59378064600003,16.42211386300005],[120.59393483500003,16.422007858000029],[120.59402799100008,16.42191149000007],[120.59409759300001,16.421873303000041],[120.59456517300009,16.421648172000062],[120.5950248800001,16.421806643000025],[120.59537605500009,16.422092894000059],[120.5956721770001,16.421803502000046],[120.59598004000009,16.421452412000065],[120.59617787100001,16.421219670000028],[120.59642806800002,16.421010203000037],[120.59674226900006,16.420829828000024],[120.59697501100004,16.420754187000057],[120.59722131900003,16.420757523000077],[120.59761530100002,16.420354449000058],[120.59765469900003,16.420302929000059],[120.59777289300007,16.420624175000057],[120.59780320000004,16.420660543000054],[120.59792003700011,16.420914460000063],[120.59815395900011,16.420861639000066],[120.5983576970001,16.42078618100004],[120.59847088400011,16.420752225000058],[120.59867085000008,16.420676766000042],[120.59878781000009,16.420601307000027],[120.59884063100003,16.420556032000036],[120.59915486700004,16.420561948000056],[120.59950119200005,16.420940823000024],[120.59955917000002,16.421000543000048],[120.59960956400005,16.421055372000069],[120.59967723900002,16.421122313000069],[120.59976593900001,16.421233235000045]]]},"properties":{"brgy_name":"New Lucban","psgc_10d":"1430300076","city_name":"Baguio City","prov_name":"Benguet","urban_rural2015":"R"}},{"type":"Feature","geometry":{"type":"Polygon","coordinates":[[[120.63154218000011,16.414870311000072],[120.63136761100009,16.414893587000051],[120.63089045600009,16.415108889000066],[120.63047730900007,16.415260182000054],[120.63015726600008,16.415388199000063],[120.62994778300003,16.415434751000078],[120.62980812800004,16.415423113000031],[120.62965683500011,16.415347466000071],[120.62946480900007,16.415254363000031],[120.62920877400006,16.415231087000052],[120.62891782600002,16.415213630000039],[120.62870834300008,16.415196173000027],[120.62863851600002,16.415091432000054],[120.62855123100007,16.414887768000028],[120.62843750100001,16.414793739000061],[120.62818548600001,16.41467239900004],[120.6279054690001,16.414607061000027],[120.62770012400006,16.414607061000027],[120.62745744300003,16.414644397000075],[120.62722409600008,16.41467239900004],[120.62692370000002,16.414538366000045],[120.62648771200008,16.414250449000065],[120.6261833420001,16.41422577000003],[120.62600236600008,16.414308033000054],[120.62585429400008,16.414308033000054],[120.62554992500009,16.414118830000064],[120.62526200700006,16.413806234000049],[120.62504812600002,16.413575900000069],[120.62484247100008,16.413575900000069],[120.6246861730001,16.413699294000025],[120.62447229200006,16.413617031000058],[120.6242748630001,16.413526543000046],[120.62411033900003,16.413362019000033],[120.62404453000011,16.413222174000055],[120.62410211300005,16.412843768000073],[120.62414324400004,16.412638113000071],[120.62406098200006,16.412416006000058],[120.62387177900007,16.412325518000046],[120.6235591840001,16.412374875000069],[120.6234111120001,16.412391327000023],[120.62327126600007,16.412111636000077],[120.62314787300011,16.411741457000062],[120.62308206400007,16.411634517000039],[120.62289286100008,16.411511124000072],[120.62278592000007,16.411247885000023],[120.62272011100004,16.410762539000075],[120.62274478900008,16.410408812000071],[120.62272833700001,16.410137348000035],[120.62264607500003,16.409964597000055],[120.62234170600004,16.410087991000069],[120.62216072900003,16.410285419000047],[120.62196330000006,16.410384134000026],[120.62170828800004,16.41039236000006],[120.62147795400006,16.41050752700005],[120.62116535900009,16.410589789000028],[120.62088566800003,16.410523979000061],[120.62049903600007,16.410647372000028],[120.62063616600005,16.40795534800003],[120.62186815500002,16.407126345000052],[120.6220555000001,16.407036161000065],[120.62257817900002,16.407602397000062],[120.62320974900001,16.408037963000027],[120.62362238600008,16.408139039000048],[120.62598648200003,16.408723979000058],[120.62797476100002,16.408847936000029],[120.62896804100001,16.409277440000039],[120.62936114400009,16.409389572000066],[120.62990940600002,16.409301123000034],[120.63011439600007,16.409620503000042],[120.63062401500008,16.409992432000024],[120.6312870810001,16.410027292000052],[120.63198882300003,16.410038454000073],[120.63154218000011,16.414870311000072]]]},"properties":{"brgy_name":"Outlook Drive","psgc_10d":"1430300081","city_name":"Baguio City","prov_name":"Benguet","urban_rural2015":"U"}},{"type":"Feature","geometry":{"type":"Polygon","coordinates":[[[120.61879448100001,16.42907195500004],[120.61457509200011,16.428564540000025],[120.61149635100003,16.42995436800004],[120.61122628400005,16.428175457000066],[120.61064776800004,16.42649414400006],[120.61070230500002,16.425048801000059],[120.61057545300002,16.423872743000061],[120.61035158700008,16.423311585000022],[120.60993526400011,16.422255322000069],[120.61006571000007,16.422116368000047],[120.61019615600003,16.421934878000059],[120.61026138000011,16.421846968000068],[120.61036346800006,16.421818610000059],[120.61044402300001,16.421795479000025],[120.61034579800003,16.421549854000034],[120.61025344200004,16.421361213000068],[120.61039752000011,16.421228276000022],[120.61064473400006,16.421077920000073],[120.61085563200004,16.420810416000052],[120.61105533200009,16.420610682000074],[120.61129317500001,16.420250164000038],[120.61129437600005,16.42023847400003],[120.61125154300009,16.420115290000069],[120.61107026800005,16.420047956000076],[120.61093886200001,16.420033763000049],[120.61087283600011,16.419917540000029],[120.61087503500005,16.419880744000068],[120.61122847000001,16.419858185000066],[120.61131494900008,16.419816825000055],[120.61165334500004,16.419617548000076],[120.61175862400012,16.419610028000022],[120.61190526200005,16.419651387000044],[120.61254266300011,16.419529101000023],[120.61268795100011,16.419404085000053],[120.61296839200008,16.419319615000063],[120.61348494000003,16.419160214000044],[120.61400906500012,16.418873612000027],[120.61421179300009,16.418772248000039],[120.61432936100005,16.418716677000077],[120.61449278400005,16.418504832000053],[120.61452304800002,16.418317197000022],[120.61449278400005,16.418123510000044],[120.61450489000003,16.417760347000069],[120.61453515300002,16.417457711000054],[120.61458962800009,16.417257971000026],[120.61481357900004,16.417058231000055],[120.61515058500004,16.416429624000045],[120.61509965900007,16.416362586000048],[120.61519554200004,16.416182357000025],[120.61528545800002,16.416107428000032],[120.61541283800011,16.416077456000039],[120.61553272500009,16.416107428000032],[120.61560765400009,16.416219822000073],[120.61559266800009,16.416354694000063],[120.6155027530001,16.416527032000033],[120.61529295100001,16.41654201800003],[120.61542490400006,16.417251918000034],[120.61547332500004,16.417348762000074],[120.61614517800001,16.417500080000025],[120.61633281200011,16.417554554000048],[120.61644176100003,16.41773613600003],[120.61646597200001,16.417996403000075],[120.61645386600003,16.418153774000075],[120.61678676600002,16.418353514000046],[120.61705913900005,16.41845035700004],[120.61726493100002,16.418547201000024],[120.61736177500006,16.418710624000028],[120.61737747500001,16.418895691000046],[120.61748254400004,16.419129180000027],[120.61759345200005,16.419216738000046],[120.61773354500008,16.419257599000048],[120.61851317600008,16.419238649000022],[120.61874922000004,16.419345157000066],[120.61895936000008,16.419485250000037],[120.6190527550001,16.419660366000073],[120.61904691800009,16.419928878000064],[120.6190702670001,16.420495088000052],[120.61914031300012,16.420623507000073],[120.61930375500003,16.420652693000022],[120.61956643000008,16.420699390000038],[120.6196656620001,16.420833646000062],[120.61964815100009,16.421020437000038],[120.61963063900009,16.421294786000033],[120.61964231400009,16.421464065000066],[120.6197065230001,16.421633345000032],[120.61981159300001,16.421773438000059],[120.61991082500003,16.421866833000024],[120.62016182600007,16.421966066000039],[120.62038364000011,16.422036112000058],[120.62041866300001,16.422117833000073],[120.62038364000011,16.422193717000027],[120.6202902440001,16.422222903000034],[120.62017350000008,16.422275438000042],[120.62002757000005,16.422292950000042],[120.61989331400002,16.42221706600003],[120.6197240350001,16.422141182000075],[120.61961896500009,16.422170368000025],[120.61956643000008,16.422187880000024],[120.61957810400008,16.422257927000032],[120.6196948490001,16.422386345000064],[120.62016182600007,16.422742415000073],[120.62031943000011,16.422935043000052],[120.62044784900002,16.422929206000049],[120.62060545400004,16.422824136000031],[120.62072219800007,16.422765764000076],[120.62083310500009,16.422771601000022],[120.6209031520001,16.422841648000031],[120.62110161700002,16.422975904000054],[120.62124754700005,16.423057625000069],[120.62140515200008,16.423075136000023],[120.62159194300011,16.423104323000075],[120.62169701300002,16.423203555000043],[120.62179040800004,16.42336116000007],[120.62184878000005,16.423489579000034],[120.62195968800006,16.423553788000049],[120.62211145500009,16.423582974000055],[120.62229824600001,16.423594649000052],[120.62242666500003,16.423582974000055],[120.62254340900006,16.423565462000056],[120.62263096700008,16.423600486000055],[120.62270101400009,16.423728904000029],[120.62269517600009,16.423898184000052],[120.62262513000007,16.424090812000031],[120.62257843200007,16.424330137000027],[120.62254340900006,16.424493579000057],[120.62250837000011,16.424858685000061],[120.62239950000003,16.425106668000069],[120.62221804800004,16.425554247000036],[120.62210312900004,16.425790134000067],[120.6220305490001,16.426007875000039],[120.62216361300011,16.426286100000027],[120.62219990300002,16.426564325000072],[120.62216966200003,16.426806260000035],[120.62218780700005,16.426999807000072],[120.62240554800007,16.427302226000052],[120.62264143400012,16.427659080000069],[120.62299828800008,16.428439319000063],[120.6230345780001,16.428651012000046],[120.6230345780001,16.428820366000025],[120.62300433600001,16.428923188000056],[120.6228531270001,16.429032059000065],[120.62268377300006,16.42912883300005],[120.62246603200003,16.429376816000058],[120.62243471900001,16.429415823000056],[120.62211071800004,16.429385546000049],[120.61879448100001,16.42907195500004]]]},"properties":{"brgy_name":"Pacdal","psgc_10d":"1430300082","city_name":"Baguio City","prov_name":"Benguet","urban_rural2015":"U"}},{"type":"Feature","geometry":{"type":"Polygon","coordinates":[[[120.59389627700011,16.418961405000061],[120.59365941300007,16.419377353000073],[120.59362131000012,16.41964753700006],[120.5933751770001,16.419806405000031],[120.59324028100002,16.419893474000048],[120.59294931300008,16.42007706000004],[120.59286568700009,16.42019022900007],[120.59259679000002,16.42027986100004],[120.59243032900008,16.42036309100007],[120.59235990400009,16.420510345000025],[120.59239191500001,16.420696012000064],[120.59249435200002,16.421060944000033],[120.59246874300004,16.421214600000042],[120.59237270800008,16.421349049000071],[120.59225746600009,16.421457888000077],[120.59205899500012,16.421502705000023],[120.59205452200001,16.421584100000075],[120.59222808100003,16.423271476000025],[120.59181832700006,16.42376868100007],[120.59139686200001,16.423397390000048],[120.59109581500002,16.422875576000024],[120.5906666190001,16.422319336000044],[120.59055393100004,16.42218316900005],[120.59012243100005,16.421310134000066],[120.58973107100007,16.420808389000058],[120.58937985000011,16.420376889000067],[120.58917915200004,16.420035703000053],[120.5891691170001,16.41959416800006],[120.5891891870001,16.418871656000022],[120.58939985500001,16.418737639000028],[120.58955463000007,16.418503266000073],[120.58966076100012,16.418326380000053],[120.58983322500001,16.418339647000039],[120.59004991000006,16.418476733000034],[120.5901825740001,16.418609397000068],[120.59044790200005,16.418671307000068],[120.59066458700011,16.418755328000032],[120.59077956300007,16.418826082000066],[120.5908503170001,16.418839349000052],[120.59104046900006,16.418737639000028],[120.59110095200003,16.418717832000027],[120.59114636800007,16.418769736000058],[120.59116428900006,16.418861459000027],[120.59117232000006,16.418987548000075],[120.59118187700005,16.419172260000039],[120.59124198400002,16.41935654200006],[120.59161135200009,16.419502571000066],[120.59185187000003,16.419734500000061],[120.59202366900001,16.41991488900004],[120.59222982800009,16.419837579000045],[120.59260778500004,16.419597061000047],[120.59300292300009,16.419347952000066],[120.59333793100006,16.419107434000068],[120.59335511100005,16.418746656000053],[120.59342383000001,16.41858344700006],[120.59363857900007,16.418677936000051],[120.59389627700011,16.418961405000061]]]},"properties":{"brgy_name":"Padre Burgos","psgc_10d":"1430300149","city_name":"Baguio City","prov_name":"Benguet","urban_rural2015":"R"}},{"type":"Feature","geometry":{"type":"Polygon","coordinates":[[[120.59389627700011,16.418961405000061],[120.59363857900007,16.418677936000051],[120.59342383000001,16.41858344700006],[120.59335511100005,16.418746656000053],[120.59333793100006,16.419107434000068],[120.59300292300009,16.419347952000066],[120.59260778500004,16.419597061000047],[120.59222982800009,16.419837579000045],[120.59202366900001,16.41991488900004],[120.59185187000003,16.419734500000061],[120.59161135200009,16.419502571000066],[120.59124198400002,16.41935654200006],[120.59118187700005,16.419172260000039],[120.59117232000006,16.418987548000075],[120.59116428900006,16.418861459000027],[120.59114636800007,16.418769736000058],[120.59110095200003,16.418717832000027],[120.59104046900006,16.418737639000028],[120.5908503170001,16.418839349000052],[120.59077956300007,16.418826082000066],[120.59066458700011,16.418755328000032],[120.59044790200005,16.418671307000068],[120.5901825740001,16.418609397000068],[120.59004991000006,16.418476733000034],[120.58983322500001,16.418339647000039],[120.58966076100012,16.418326380000053],[120.58955463000007,16.418503266000073],[120.58939985500001,16.418737639000028],[120.5891891870001,16.418871656000022],[120.58906335500001,16.418696153000042],[120.58892959700006,16.418353144000037],[120.58885091400009,16.418137510000065],[120.58880908600008,16.417797872000051],[120.58931575000008,16.417708087000051],[120.5895584220001,16.417696898000031],[120.5901481520001,16.417587688000026],[120.59064226500004,16.417402243000026],[120.59075639100001,16.417278960000033],[120.59085856400009,16.41711037500005],[120.59146956500001,16.417237532000058],[120.59250706800003,16.417648846000077],[120.59278664300007,16.41761389900006],[120.59299505400008,16.417658637000045],[120.59311003000005,16.417649793000066],[120.59338420300003,16.417773613000065],[120.59351686700006,16.417857634000029],[120.5935876210001,16.417813412000044],[120.59372913000004,16.417663059000063],[120.59379988400008,16.417592305000028],[120.59392812600004,16.417486174000032],[120.59411385600004,16.417468485000029],[120.59431285200003,16.417433108000068],[120.59436591800011,16.417388887000072],[120.59439687300005,16.417176624000035],[120.59442782800011,16.41707049300004],[120.59452069300005,16.417026271000054],[120.59516303600003,16.416829174000043],[120.59546200300008,16.417464237000047],[120.5951062800001,16.417787019000059],[120.59476386200004,16.417973561000053],[120.59444603400004,16.418463188000032],[120.59439449400008,16.418729476000067],[120.59427423500006,16.419021534000024],[120.59413679600004,16.419081664000032],[120.59389627700011,16.418961405000061]]]},"properties":{"brgy_name":"Padre Zamora","psgc_10d":"1430300161","city_name":"Baguio City","prov_name":"Benguet","urban_rural2015":"R"}},{"type":"Feature","geometry":{"type":"Polygon","coordinates":[[[120.59079103900001,16.413686987000062],[120.59054048400003,16.413657138000076],[120.59032522500002,16.413655980000044],[120.59032555200008,16.414051913000037],[120.59025023300001,16.414060175000031],[120.59008163100009,16.414054044000068],[120.58990689900008,16.414084699000057],[120.58982413000001,16.414106157000049],[120.58952984400003,16.414100026000028],[120.58922636000011,16.414057110000044],[120.58914212800005,16.414057347000039],[120.58914397400008,16.413734232000024],[120.58902369700002,16.413726126000029],[120.58882785900005,16.413322580000056],[120.58864982400007,16.413292908000074],[120.58854893700004,16.413138611000022],[120.58834716400008,16.413049593000039],[120.58812165300003,16.412942772000065],[120.58791394600007,16.412812213000052],[120.58762193700011,16.412659534000056],[120.58723120700006,16.412191798000038],[120.58782323300011,16.411668804000044],[120.58854970200002,16.411766114000045],[120.58921672300005,16.411859888000038],[120.58946708400003,16.411591255000076],[120.58984168100005,16.411822914000027],[120.58996688600007,16.411899063000078],[120.59023599400007,16.411970781000036],[120.59068345700007,16.411946410000041],[120.59071688600011,16.412489715000049],[120.59074925600009,16.413026209000066],[120.59079103900001,16.413686987000062]]]},"properties":{"brgy_name":"Palma-Urbano (Cariño-Palma)","psgc_10d":"1430300134","city_name":"Baguio City","prov_name":"Benguet","urban_rural2015":"U"}},{"type":"Feature","geometry":{"type":"Polygon","coordinates":[[[120.59535220000009,16.399271759000044],[120.59528417700005,16.39959699700006],[120.59549408100008,16.400191015000075],[120.59549955000011,16.400289562000069],[120.59451255500005,16.400777216000051],[120.59424681900009,16.401033993000055],[120.59411077000004,16.401211256000067],[120.59408583000004,16.401373372000023],[120.59394598300003,16.401545285000054],[120.5936295350001,16.401415408000048],[120.59341641000003,16.401381204000074],[120.59284783500004,16.40116460400003],[120.5927451230001,16.40094780000004],[120.59274084700007,16.400858009000046],[120.59272374400007,16.400712633000069],[120.59271946800004,16.400597187000074],[120.59260037200011,16.400453308000067],[120.59269826200011,16.400238581000053],[120.59278260500002,16.400122980000049],[120.59303614000009,16.399919649000026],[120.59325718200012,16.399720712000033],[120.59338664900008,16.399610191000022],[120.59351120600002,16.39959820200005],[120.59365827600004,16.399625911000044],[120.59376106600007,16.399612748000038],[120.5938255960001,16.399563033000049],[120.59393003700006,16.399413831000061],[120.5944644220001,16.399320789000058],[120.59466348500007,16.399287612000023],[120.59480946500003,16.399287612000023],[120.59502179800006,16.399261070000023],[120.59535220000009,16.399271759000044]]]},"properties":{"brgy_name":"Phil-Am","psgc_10d":"1430300152","city_name":"Baguio City","prov_name":"Benguet","urban_rural2015":"R"}},{"type":"Feature","geometry":{"type":"Polygon","coordinates":[[[120.57723031900002,16.433868123000025],[120.57591095100008,16.43389251800005],[120.57443587000012,16.433959377000065],[120.56840643400005,16.434245563000047],[120.56597798700011,16.434366545000046],[120.56746595400011,16.430572718000064],[120.56853676600008,16.427836328000069],[120.56887250000011,16.42681490800004],[120.5694416340001,16.424712536000072],[120.57048379100002,16.420863084000075],[120.57130770900005,16.418785741000022],[120.57298591000006,16.418714176000037],[120.57451398000001,16.419939549000048],[120.57521162100011,16.420547567000028],[120.57582770100009,16.420878987000037],[120.5760277710001,16.420856252000021],[120.57635922700001,16.42075397800005],[120.57647677000011,16.420594120000032],[120.57681529400008,16.420100439000066],[120.57688111800007,16.419926475000068],[120.57684820600002,16.41964437200005],[120.57748606900009,16.420296605000033],[120.57917880500008,16.420374769000034],[120.57998780100002,16.419442665000076],[120.5804418030001,16.41898038100004],[120.58186785100008,16.420133729000042],[120.58192056000007,16.420190203000061],[120.58203727400007,16.420224088000055],[120.58212763300003,16.42033327200005],[120.58217281300006,16.420412336000027],[120.58217281300006,16.420446221000077],[120.58196197500001,16.420687178000037],[120.58181890700007,16.42089425100005],[120.58182794800007,16.421007867000071],[120.58192581700007,16.421056801000077],[120.58197053600009,16.42134354600006],[120.58204737100004,16.421409405000077],[120.58224860600001,16.421669181000027],[120.58267849600009,16.422219728000073],[120.58218768500001,16.422458122000023],[120.58272757700001,16.423096175000069],[120.58235813100009,16.423212547000048],[120.58225164700002,16.423293001000047],[120.58219485600011,16.423326129000031],[120.5820599760001,16.423416049000025],[120.58183517800001,16.423581690000049],[120.58187303800003,16.423759163000057],[120.58185174200003,16.423834885000076],[120.58186357300008,16.423934269000029],[120.58188250400008,16.424021823000032],[120.58190380000008,16.424125940000067],[120.5820386800001,16.424088079000057],[120.58237469500011,16.424017090000063],[120.58243385300011,16.424054951000073],[120.58254980100003,16.424230058000035],[120.58256399900006,16.42425608700006],[120.58263648500008,16.424259174000042],[120.58238493500005,16.424437358000034],[120.58186945700004,16.424786834000031],[120.58125787200004,16.425197470000057],[120.58103944900006,16.425424629000076],[120.58082102600008,16.425678000000062],[120.58063755100011,16.425844002000076],[120.58050212900002,16.425940108000077],[120.58014391500001,16.426049319000072],[120.57976822800003,16.426058056000045],[120.57931827600009,16.426062424000065],[120.57898190500009,16.426228426000023],[120.5783091620001,16.426818168000068],[120.5781999510001,16.426861853000048],[120.57851662500002,16.427522894000049],[120.57862751700009,16.427859526000077],[120.57882916000005,16.428457340000023],[120.57888703700007,16.42888548600007],[120.57906742400007,16.429972964000058],[120.58008274700001,16.429998734000037],[120.57967732800012,16.432638477000069],[120.57723031900002,16.433868123000025]]]},"properties":{"brgy_name":"Pinsao Proper","psgc_10d":"1430300088","city_name":"Baguio City","prov_name":"Benguet","urban_rural2015":"U"}},{"type":"Feature","geometry":{"type":"Polygon","coordinates":[[[120.58822819800002,16.432180755000047],[120.58807337300004,16.43215065000004],[120.58787984300011,16.432142049000049],[120.58738191200007,16.43216269800007],[120.58573810700011,16.432197958000074],[120.58430598200005,16.432228062000036],[120.58409094900003,16.432133448000059],[120.58385441100006,16.43215065000004],[120.58358777000001,16.43215065000004],[120.58326952000004,16.432163552000077],[120.5830157800001,16.432185056000037],[120.58276204000003,16.432197958000074],[120.58213414200009,16.432215160000055],[120.58096097200007,16.432417159000067],[120.57967732800012,16.432638477000069],[120.58008274700001,16.429998734000037],[120.58042322400001,16.429923506000023],[120.58149264400004,16.429687271000034],[120.58259863700005,16.429090731000031],[120.58267394200004,16.428755898000077],[120.58262149500001,16.428553104000059],[120.58253058800005,16.428329332000033],[120.58244317700007,16.428259403000027],[120.58231730500006,16.428210453000077],[120.58230681600003,16.42815451000007],[120.58231380800009,16.428056610000056],[120.58241520500007,16.427948220000076],[120.58249212700002,16.427850320000061],[120.58261450200007,16.427713958000027],[120.5827508640001,16.427476200000058],[120.58277883500011,16.427364314000044],[120.58274736700002,16.427252428000031],[120.58255855900006,16.427175506000026],[120.58249562300011,16.427081102000045],[120.58248513400008,16.426951734000056],[120.58262848800007,16.426776912000037],[120.58277533900002,16.426703487000054],[120.58290820400009,16.426724465000063],[120.58303057900002,16.426804883000045],[120.58314777300006,16.426856190000024],[120.58327205500007,16.426840372000072],[120.58338503900006,16.426788400000078],[120.58353869600012,16.426627963000044],[120.58361326500005,16.426469786000041],[120.58362230400007,16.426329686000031],[120.58359518800012,16.426232520000042],[120.58356807200005,16.426194106000025],[120.58351609900001,16.426216703000023],[120.58347090600012,16.426221222000038],[120.58342797200009,16.426178288000074],[120.5833714800001,16.426121796000075],[120.58328787300002,16.426074343000039],[120.58322686100007,16.426022371000045],[120.58322912100004,16.425959100000057],[120.58329239200009,16.425832558000025],[120.58333306600002,16.42578058600003],[120.58340311600011,16.425730873000077],[120.58348898300005,16.425717315000043],[120.58358840900007,16.425753470000075],[120.58365168000012,16.425814481000032],[120.5837104310001,16.425846116000059],[120.58375110500003,16.425852895000048],[120.58385053100005,16.425778326000056],[120.58392961900006,16.425708276000023],[120.5839815920001,16.425620149000054],[120.58508259900009,16.425596639000048],[120.58528592400012,16.425606778000031],[120.58567009700005,16.425626186000045],[120.5861503860001,16.425628092000068],[120.58688004100009,16.425572490000036],[120.58703982500003,16.425509789000046],[120.58740051900008,16.425561317000074],[120.58769103800012,16.425890049000031],[120.58765815800007,16.426218296000059],[120.58764706800002,16.426735244000042],[120.58778227500011,16.427402664000056],[120.58839340500003,16.427473520000035],[120.58838754400006,16.427819538000051],[120.58834972700004,16.429213349000065],[120.5883216950001,16.429871633000062],[120.58822819800002,16.432180755000047]]]},"properties":{"brgy_name":"Pinget","psgc_10d":"1430300086","city_name":"Baguio City","prov_name":"Benguet","urban_rural2015":"U"}},{"type":"Feature","geometry":{"type":"Polygon","coordinates":[[[120.5839815920001,16.425620149000054],[120.58392961900006,16.425708276000023],[120.58385053100005,16.425778326000056],[120.58375110500003,16.425852895000048],[120.5837104310001,16.425846116000059],[120.58365168000012,16.425814481000032],[120.58358840900007,16.425753470000075],[120.58348898300005,16.425717315000043],[120.58340311600011,16.425730873000077],[120.58333306600002,16.42578058600003],[120.58329239200009,16.425832558000025],[120.58322912100004,16.425959100000057],[120.58322686100007,16.426022371000045],[120.58328787300002,16.426074343000039],[120.5833714800001,16.426121796000075],[120.58342797200009,16.426178288000074],[120.58347090600012,16.426221222000038],[120.58351609900001,16.426216703000023],[120.58356807200005,16.426194106000025],[120.58359518800012,16.426232520000042],[120.58362230400007,16.426329686000031],[120.58361326500005,16.426469786000041],[120.58353869600012,16.426627963000044],[120.58338503900006,16.426788400000078],[120.58327205500007,16.426840372000072],[120.58314777300006,16.426856190000024],[120.58303057900002,16.426804883000045],[120.58290820400009,16.426724465000063],[120.58277533900002,16.426703487000054],[120.58262848800007,16.426776912000037],[120.58248513400008,16.426951734000056],[120.58249562300011,16.427081102000045],[120.58255855900006,16.427175506000026],[120.58274736700002,16.427252428000031],[120.58277883500011,16.427364314000044],[120.5827508640001,16.427476200000058],[120.58261450200007,16.427713958000027],[120.58249212700002,16.427850320000061],[120.58241520500007,16.427948220000076],[120.58231380800009,16.428056610000056],[120.58230681600003,16.42815451000007],[120.58231730500006,16.428210453000077],[120.58244317700007,16.428259403000027],[120.58253058800005,16.428329332000033],[120.58262149500001,16.428553104000059],[120.58267394200004,16.428755898000077],[120.58259863700005,16.429090731000031],[120.58149264400004,16.429687271000034],[120.58042322400001,16.429923506000023],[120.58008274700001,16.429998734000037],[120.57906742400007,16.429972964000058],[120.57888703700007,16.42888548600007],[120.57882916000005,16.428457340000023],[120.57862751700009,16.427859526000077],[120.57851662500002,16.427522894000049],[120.5781999510001,16.426861853000048],[120.5783091620001,16.426818168000068],[120.57898190500009,16.426228426000023],[120.57931827600009,16.426062424000065],[120.57976822800003,16.426058056000045],[120.58014391500001,16.426049319000072],[120.58050212900002,16.425940108000077],[120.58063755100011,16.425844002000076],[120.58082102600008,16.425678000000062],[120.58103944900006,16.425424629000076],[120.58125787200004,16.425197470000057],[120.58186945700004,16.424786834000031],[120.58238493500005,16.424437358000034],[120.58263648500008,16.424259174000042],[120.58302384300009,16.424234067000043],[120.58341478800003,16.424122881000073],[120.5839016110001,16.424005186000045],[120.58404962600002,16.423961482000038],[120.58398443600004,16.424107707000076],[120.58399515000008,16.424173959000029],[120.58402452600001,16.424277904000064],[120.58404034300008,16.424393147000046],[120.5840719790001,16.424483534000046],[120.58411491300001,16.424580700000035],[120.58418270300001,16.42463493200006],[120.58409231600001,16.424693684000033],[120.58393865800008,16.424756954000031],[120.58387312800005,16.424802148000026],[120.58387312800005,16.424865419000071],[120.5838912050001,16.424989701000072],[120.5839251000001,16.425082347000057],[120.58393413900001,16.425136579000025],[120.58396125500008,16.425211149000063],[120.58402226600003,16.425387403000059],[120.58402226600003,16.425480049000043],[120.5839815920001,16.425620149000054]]]},"properties":{"brgy_name":"Pinsao Pilot Project","psgc_10d":"1430300087","city_name":"Baguio City","prov_name":"Benguet","urban_rural2015":"R"}},{"type":"Feature","geometry":{"type":"Polygon","coordinates":[[[120.6024974390001,16.395966030000068],[120.60205062600005,16.396166533000041],[120.60186141300005,16.396225399000059],[120.60178993200009,16.396111871000073],[120.60143252800003,16.395935272000031],[120.60131059100001,16.39590163400004],[120.6008522730001,16.395926862000067],[120.60091534500009,16.396982254000022],[120.60067146900008,16.397213515000033],[120.60057896500007,16.397503642000061],[120.60054532700008,16.397591942000076],[120.6004780510001,16.397680242000035],[120.60023838000006,16.397785360000057],[120.60002217900001,16.397816660000046],[120.59995245800008,16.397730699000022],[120.59969176300001,16.397520461000056],[120.59952545100009,16.397477431000027],[120.59924856900011,16.397462868000048],[120.59898026100007,16.397283586000071],[120.59884699300005,16.397077625000065],[120.59845930200004,16.39647185900003],[120.59834615000011,16.396228677000067],[120.59818690000009,16.395969896000054],[120.59845930200004,16.395672248000039],[120.59884699300005,16.395345134000024],[120.59973141100011,16.394836291000047],[120.60000695100007,16.394687778000048],[120.60019179400001,16.394436485000028],[120.60019451700009,16.394132027000069],[120.60147878100008,16.394186097000045],[120.60247153100011,16.394188726000039],[120.60249225700011,16.394447808000052],[120.60255443700009,16.394691345000069],[120.60261143500009,16.394914156000027],[120.60260446900008,16.395042642000021],[120.6025233470001,16.395261327000071],[120.60243007700001,16.395587770000077],[120.60246116700011,16.395763946000045],[120.6024974390001,16.395966030000068]]]},"properties":{"brgy_name":"Poliwes","psgc_10d":"1430300089","city_name":"Baguio City","prov_name":"Benguet","urban_rural2015":"R"}},{"type":"Feature","geometry":{"type":"Polygon","coordinates":[[[120.63154218000011,16.414870311000072],[120.63082503900011,16.417684950000023],[120.63085788600006,16.418235131000074],[120.63086440000006,16.419159157000024],[120.62986004700008,16.418957277000061],[120.62654305300009,16.418761384000049],[120.6268156970001,16.418368776000023],[120.62699019000001,16.41793799800007],[120.62708288900001,16.417529031000072],[120.6273609860001,16.417201857000066],[120.62761181900009,16.416820155000039],[120.62772633000009,16.41645481200004],[120.62772087700012,16.416274866000037],[120.62745913800006,16.416193073000045],[120.62705204600002,16.416144109000072],[120.62625584000011,16.415886750000027],[120.62596631100007,16.415573094000024],[120.62598239600004,16.415170970000077],[120.62580546200002,16.414937738000049],[120.62529074300005,16.414648209000063],[120.62508968100008,16.413843961000055],[120.62488057700011,16.413691154000048],[120.6246861730001,16.413699294000025],[120.62484247100008,16.413575900000069],[120.62504812600002,16.413575900000069],[120.62526200700006,16.413806234000049],[120.62554992500009,16.414118830000064],[120.62585429400008,16.414308033000054],[120.62600236600008,16.414308033000054],[120.6261833420001,16.41422577000003],[120.62648771200008,16.414250449000065],[120.62692370000002,16.414538366000045],[120.62722409600008,16.41467239900004],[120.62745744300003,16.414644397000075],[120.62770012400006,16.414607061000027],[120.6279054690001,16.414607061000027],[120.62818548600001,16.41467239900004],[120.62843750100001,16.414793739000061],[120.62855123100007,16.414887768000028],[120.62863851600002,16.415091432000054],[120.62870834300008,16.415196173000027],[120.62891782600002,16.415213630000039],[120.62920877400006,16.415231087000052],[120.62946480900007,16.415254363000031],[120.62965683500011,16.415347466000071],[120.62980812800004,16.415423113000031],[120.62994778300003,16.415434751000078],[120.63015726600008,16.415388199000063],[120.63047730900007,16.415260182000054],[120.63089045600009,16.415108889000066],[120.63136761100009,16.414893587000051],[120.63154218000011,16.414870311000072]]]},"properties":{"brgy_name":"Pucsusan","psgc_10d":"1430300090","city_name":"Baguio City","prov_name":"Benguet","urban_rural2015":"R"}},{"type":"Feature","geometry":{"type":"Polygon","coordinates":[[[120.58542463600008,16.415285130000029],[120.58487383600004,16.415067658000055],[120.58408968700007,16.414933807000068],[120.58369118500002,16.414713407000022],[120.58329911400006,16.414692699000057],[120.58307607300003,16.414959260000046],[120.58308695300002,16.415106141000024],[120.58306519300004,16.415291102000026],[120.58294007200004,16.41531830200006],[120.58276055100009,16.41531830200006],[120.58259735000001,16.415432543000065],[120.58251031000009,16.41566102400003],[120.58178092700007,16.415636324000047],[120.58038363100002,16.416186620000076],[120.57993329800001,16.41636320300006],[120.5795971870001,16.41646171900004],[120.57935959100007,16.416450129000054],[120.57869254100001,16.416363835000027],[120.57814288800012,16.416553940000028],[120.57778411100003,16.416683632000058],[120.57796040500011,16.416060307000066],[120.57806807300005,16.415534515000047],[120.57831976900002,16.415198920000023],[120.57842697300009,16.415059089000067],[120.57840832900001,16.414849342000025],[120.57842697300009,16.414784087000044],[120.57861807600011,16.414546375000043],[120.57910282400007,16.414159508000068],[120.5790898460001,16.413818922000075],[120.57906460800007,16.413299080000058],[120.57916827800011,16.413225901000033],[120.57925060500008,16.413067347000037],[120.57931463600005,16.412652667000032],[120.57942135500002,16.412478868000051],[120.57961649900005,16.412433131000057],[120.58071418100008,16.412716699000043],[120.58091237300005,16.412786828000037],[120.58118984300006,16.412920989000042],[120.58149475500011,16.413021610000044],[120.58179356800008,16.41301246300003],[120.58197956400011,16.412960628000064],[120.58217470800003,16.412844762000077],[120.5823972930001,16.412677060000021],[120.58245827500002,16.412643520000074],[120.58266448000006,16.412593059000073],[120.58317947900002,16.41274713200005],[120.5840455770001,16.413022815000033],[120.58435916900009,16.413022815000033],[120.58522314700008,16.412888419000069],[120.58557657200004,16.412856704000035],[120.58581475700009,16.412966422000068],[120.5860612030001,16.413055143000065],[120.58635564600002,16.413173029000063],[120.58676621600011,16.413331373000062],[120.58654159000002,16.41371644700007],[120.58639084700008,16.413973340000041],[120.58620747900011,16.414248393000037],[120.58586895200006,16.41443176100006],[120.58563832600009,16.414725339000029],[120.58557274200007,16.414981867000051],[120.5855374790001,16.415129972000045],[120.58542463600008,16.415285130000029]]]},"properties":{"brgy_name":"Quezon Hill Proper","psgc_10d":"1430300153","city_name":"Baguio City","prov_name":"Benguet","urban_rural2015":"U"}},{"type":"Feature","geometry":{"type":"Polygon","coordinates":[[[120.57684820600002,16.41964437200005],[120.57688111800007,16.419926475000068],[120.57681529400008,16.420100439000066],[120.57647677000011,16.420594120000032],[120.57635922700001,16.42075397800005],[120.5760277710001,16.420856252000021],[120.57582770100009,16.420878987000037],[120.57521162100011,16.420547567000028],[120.57451398000001,16.419939549000048],[120.57298591000006,16.418714176000037],[120.57130770900005,16.418785741000022],[120.57149960700008,16.418350278000048],[120.57154676200003,16.417758220000053],[120.57161843000006,16.417783837000059],[120.57174307300011,16.417817632000038],[120.57206771300002,16.417938095000068],[120.57233933800001,16.418053868000072],[120.57233309800006,16.417949183000076],[120.57234662700012,16.417877400000066],[120.57233141600011,16.417758241000058],[120.57185478200006,16.41741851300003],[120.57179140000005,16.417395695000039],[120.57197856800008,16.417150069000058],[120.57205457200007,16.417082065000045],[120.57229458400002,16.41697406000003],[120.57232658500004,16.416850053000076],[120.57232258500005,16.416406031000065],[120.57239496800003,16.416182026000058],[120.57276203200001,16.416322559000037],[120.57300744000008,16.416326754000067],[120.57312699800002,16.416345632000059],[120.57329479800001,16.416463092000072],[120.57349406100002,16.416578455000035],[120.57358844900011,16.41658684500004],[120.57391334900001,16.416902298000025],[120.57397304500012,16.41696597300006],[120.57410039700005,16.417069446000028],[120.5741919300001,16.417168940000067],[120.57426526400002,16.417293611000048],[120.57491699400009,16.41711781600003],[120.57505937300004,16.417080114000044],[120.5753412900001,16.416829306000068],[120.5756272970001,16.416449533000048],[120.57598696500008,16.416515944000025],[120.57615807000002,16.416468743000053],[120.57714831900012,16.41610987100006],[120.57719060200009,16.416085231000068],[120.57742661000009,16.416008529000067],[120.57760361500004,16.416008529000067],[120.57796040500011,16.416060307000066],[120.57778411100003,16.416683632000058],[120.57760871000005,16.416966741000067],[120.57743122000011,16.417382843000041],[120.5772901680001,16.417796595000027],[120.57686231100001,16.419324654000036],[120.57684820600002,16.41964437200005]]]},"properties":{"brgy_name":"Quezon Hill, Upper","psgc_10d":"1430300150","city_name":"Baguio City","prov_name":"Benguet","urban_rural2015":"R"}},{"type":"Feature","geometry":{"type":"Polygon","coordinates":[[[120.59251505000009,16.404344767000055],[120.59251505000009,16.404543473000047],[120.59249612600001,16.404798953000068],[120.59245651400011,16.404941976000032],[120.59238257900006,16.405158517000075],[120.59220854000012,16.405667894000032],[120.59197669300011,16.406214391000049],[120.59166204300004,16.406769169000029],[120.59155440000006,16.406967895000037],[120.59098627900005,16.406843578000064],[120.59070380600008,16.406768170000078],[120.59060701500005,16.406838563000065],[120.59024184900011,16.406908957000041],[120.59010546200011,16.406904557000075],[120.59000298900003,16.406909926000026],[120.5898678850001,16.406776969000077],[120.58965670500004,16.406680178000045],[120.5893927300001,16.40655699000007],[120.58922994500006,16.406451400000037],[120.5890363630001,16.406240220000029],[120.58889997600011,16.406095034000032],[120.58873279200009,16.406029040000021],[120.58854801000007,16.405980644000067],[120.58834122900009,16.406029040000021],[120.58810805100006,16.406086234000043],[120.58793646700008,16.406095034000032],[120.58778688200005,16.406108232000065],[120.58777235000002,16.406205284000066],[120.58766576100004,16.406263908000028],[120.58756983100011,16.406258578000063],[120.58750587800012,16.40626923700006],[120.58740461900004,16.406258578000063],[120.58731401800003,16.406253249000031],[120.58697293400007,16.406237261000058],[120.58725539400007,16.405624375000059],[120.58730868900011,16.405427186000054],[120.58738863000008,16.405016819000025],[120.58765380300008,16.404829601000074],[120.5878344460001,16.404624873000046],[120.58815358100003,16.404052838000041],[120.58823895400008,16.403476272000034],[120.58886039000004,16.403173521000042],[120.58918118200006,16.403037466000058],[120.58934381400002,16.403093959000046],[120.58938489900004,16.403126486000076],[120.58946703200002,16.403173191000064],[120.58948310000005,16.403268763000028],[120.58956304200001,16.403401999000039],[120.58965897200005,16.403444634000039],[120.58977089000007,16.403487270000028],[120.58986149000009,16.40351924600003],[120.58994676100008,16.403572541000074],[120.58995705000007,16.40365349800004],[120.59027353300007,16.403581498000051],[120.59047345200008,16.403634987000032],[120.59052477200009,16.403723576000061],[120.59061255500001,16.403705096000067],[120.59072344000003,16.403714336000064],[120.59088976600003,16.403709716000037],[120.59207259000004,16.404055975000063],[120.59219487700011,16.404135727000039],[120.59237564800003,16.404252697000061],[120.59251505000009,16.404344767000055]]]},"properties":{"brgy_name":"Quirino-Magsaysay, Upper (Upper QM)","psgc_10d":"1430300124","city_name":"Baguio City","prov_name":"Benguet","urban_rural2015":"R"}},{"type":"Feature","geometry":{"type":"Polygon","coordinates":[[[120.59216379000009,16.432447077000063],[120.59068674100001,16.432474230000025],[120.58990900100002,16.432521162000057],[120.58999091600003,16.431185214000038],[120.59004141900004,16.430412821000061],[120.59005403600008,16.430280177000043],[120.59005672000001,16.430081577000067],[120.59006897200004,16.42993455800007],[120.59007282300001,16.429888345000052],[120.59011308000004,16.429676326000049],[120.59013455000002,16.429534086000046],[120.59013455000002,16.429405265000071],[120.59016340100004,16.429286630000036],[120.59009211300008,16.429251884000053],[120.58992480300003,16.429078384000036],[120.59004766700002,16.42839564600007],[120.5903978660001,16.428286124000067],[120.5904766110001,16.428260149000039],[120.59083996000004,16.428207106000059],[120.59120065700006,16.428071844000044],[120.59164091900004,16.427918018000071],[120.59192512300001,16.427934030000074],[120.59239944400008,16.42796310500006],[120.59259040100005,16.428013496000062],[120.59276636900006,16.428075634000038],[120.59281141600002,16.428293391000068],[120.59287301300003,16.428338779000057],[120.59303511000007,16.42840037600007],[120.59311615900003,16.428458731000035],[120.59318424000003,16.428588409000042],[120.59321425500002,16.428769707000072],[120.59317391500008,16.428798841000059],[120.59309323600007,16.428933306000033],[120.5929632540001,16.429025191000051],[120.59286688700001,16.429170861000046],[120.59283643400011,16.429265489000045],[120.59283174500001,16.429280049000056],[120.59282305000011,16.429327002000036],[120.59260393600005,16.429568723000045],[120.59254481000005,16.429641762000074],[120.59243351400005,16.42975827500004],[120.59238308300007,16.429787838000038],[120.59235699800001,16.429826096000056],[120.59228477200008,16.429908368000042],[120.59219976400004,16.430082736000031],[120.59217433600008,16.430204794000076],[120.59221502100002,16.430250565000051],[120.59216797800002,16.430446366000069],[120.59214255000006,16.430558252000026],[120.59215347500003,16.430758516000026],[120.59214119300009,16.431024879000063],[120.59213918300009,16.431149499000071],[120.59209697300003,16.431203770000025],[120.59205476300008,16.43126809000006],[120.59205275300008,16.431436930000075],[120.59205677300008,16.431575621000036],[120.59216379000009,16.432447077000063]]]},"properties":{"brgy_name":"Quirino Hill, Middle","psgc_10d":"1430300069","city_name":"Baguio City","prov_name":"Benguet","urban_rural2015":"R"}},{"type":"Feature","geometry":{"type":"Polygon","coordinates":[[[120.59739847600008,16.431387637000057],[120.59599030800007,16.432200785000077],[120.59512725400009,16.432695696000053],[120.59216379000009,16.432447077000063],[120.59205677300008,16.431575621000036],[120.59205275300008,16.431436930000075],[120.59205476300008,16.43126809000006],[120.59209697300003,16.431203770000025],[120.59213918300009,16.431149499000071],[120.59214119300009,16.431024879000063],[120.59215347500003,16.430758516000026],[120.59214255000006,16.430558252000026],[120.59216797800002,16.430446366000069],[120.59221502100002,16.430250565000051],[120.59217433600008,16.430204794000076],[120.59219976400004,16.430082736000031],[120.59228477200008,16.429908368000042],[120.59235699800001,16.429826096000056],[120.59238308300007,16.429787838000038],[120.59243351400005,16.42975827500004],[120.59254481000005,16.429641762000074],[120.59260393600005,16.429568723000045],[120.59282305000011,16.429327002000036],[120.59283174500001,16.429280049000056],[120.59283643400011,16.429265489000045],[120.59286688700001,16.429170861000046],[120.5929632540001,16.429025191000051],[120.59309323600007,16.428933306000033],[120.59317391500008,16.428798841000059],[120.59321425500002,16.428769707000072],[120.59328101600011,16.428686554000024],[120.5933581590001,16.428651459000037],[120.59352708400002,16.428739779000068],[120.59366416800003,16.428838658000075],[120.59378617100003,16.429041261000066],[120.59392391100005,16.42907910100007],[120.59407562700005,16.429046328000027],[120.59421128300005,16.429096356000059],[120.59429296500002,16.429021796000029],[120.59436777800011,16.428978332000042],[120.59451670500005,16.429136973000027],[120.59461876100011,16.42923791000004],[120.59509431400011,16.429580120000026],[120.59539630100005,16.429432339000073],[120.59597035200011,16.429904712000052],[120.59635631000003,16.43022086700006],[120.59649625400004,16.430336879000038],[120.59665149900002,16.430508614000075],[120.59685908100005,16.430741695000052],[120.59721201800005,16.431114610000066],[120.59739847600008,16.431387637000057]]]},"properties":{"brgy_name":"Quirino Hill, East","psgc_10d":"1430300034","city_name":"Baguio City","prov_name":"Benguet","urban_rural2015":"R"}},{"type":"Feature","geometry":{"type":"Polygon","coordinates":[[[120.58992480300003,16.429078384000036],[120.58953004000011,16.429136628000037],[120.5893358940001,16.429172221000044],[120.58895083900006,16.429282237000052],[120.58890553800006,16.429272530000048],[120.5888819920001,16.429246610000064],[120.58884687500006,16.42919211800006],[120.58883054400007,16.429086446000042],[120.58870640600003,16.429199383000025],[120.58861558500007,16.429278095000029],[120.58857320200002,16.429296259000068],[120.58834972700004,16.429213349000065],[120.58838754400006,16.427819538000051],[120.58839340500003,16.427473520000035],[120.58864139900004,16.427393807000044],[120.58864139900004,16.427128099000072],[120.58887168000001,16.426835819000075],[120.58900079500006,16.426840491000064],[120.58905370000002,16.426930646000073],[120.58918166400008,16.427006985000048],[120.58932936400004,16.426945980000028],[120.58939217700004,16.426836604000073],[120.58947146700007,16.426748587000077],[120.58949740900005,16.426711107000074],[120.58954374100006,16.426732068000035],[120.58959520500002,16.42678760900003],[120.58968348200005,16.426811380000061],[120.58978336200005,16.426829888000043],[120.58984458800001,16.426851233000036],[120.58998739800006,16.426894145000063],[120.59006918300008,16.42692932500006],[120.59016257400003,16.426948622000054],[120.59037706900006,16.427015083000072],[120.5905123010001,16.42703205600003],[120.59066414300003,16.427007249000042],[120.59088066100003,16.427042246000042],[120.59105153100006,16.427047069000025],[120.59112108900001,16.426995018000071],[120.5912197240001,16.427031252000063],[120.59128414000008,16.427033265000034],[120.59145526700001,16.427504321000072],[120.59155538300001,16.427713115000074],[120.59156728500011,16.427729068000076],[120.59164091900004,16.427918018000071],[120.59120065700006,16.428071844000044],[120.59083996000004,16.428207106000059],[120.5904766110001,16.428260149000039],[120.5903978660001,16.428286124000067],[120.59004766700002,16.42839564600007],[120.58992480300003,16.429078384000036]]]},"properties":{"brgy_name":"Quirino Hill, Lower","psgc_10d":"1430300061","city_name":"Baguio City","prov_name":"Benguet","urban_rural2015":"R"}},{"type":"Feature","geometry":{"type":"Polygon","coordinates":[[[120.58990900100002,16.432521162000057],[120.5895140990001,16.432382887000074],[120.58946756400007,16.432429422000041],[120.5894366870001,16.43246029900007],[120.5892130520001,16.432516208000038],[120.58903242400004,16.432533410000076],[120.58886899800007,16.432546312000056],[120.58873567700005,16.43247320100005],[120.58838732200002,16.432288272000051],[120.58822819800002,16.432180755000047],[120.5883216950001,16.429871633000062],[120.58834972700004,16.429213349000065],[120.58857320200002,16.429296259000068],[120.58861558500007,16.429278095000029],[120.58870640600003,16.429199383000025],[120.58883054400007,16.429086446000042],[120.58884687500006,16.42919211800006],[120.5888819920001,16.429246610000064],[120.58890553800006,16.429272530000048],[120.58895083900006,16.429282237000052],[120.5893358940001,16.429172221000044],[120.58953004000011,16.429136628000037],[120.58992480300003,16.429078384000036],[120.59009211300008,16.429251884000053],[120.59016340100004,16.429286630000036],[120.59013455000002,16.429405265000071],[120.59013455000002,16.429534086000046],[120.59011308000004,16.429676326000049],[120.59007282300001,16.429888345000052],[120.59006897200004,16.42993455800007],[120.59005672000001,16.430081577000067],[120.59005403600008,16.430280177000043],[120.59004141900004,16.430412821000061],[120.58999091600003,16.431185214000038],[120.58990900100002,16.432521162000057]]]},"properties":{"brgy_name":"Quirino Hill, West","psgc_10d":"1430300116","city_name":"Baguio City","prov_name":"Benguet","urban_rural2015":"R"}},{"type":"Feature","geometry":{"type":"Polygon","coordinates":[[[120.59153980100007,16.414578411000036],[120.59102140300001,16.414831674000027],[120.59085716900006,16.414914053000075],[120.59085976300003,16.414749680000057],[120.59080384700007,16.413893322000035],[120.59079103900001,16.413686987000062],[120.59074925600009,16.413026209000066],[120.59071688600011,16.412489715000049],[120.59068345700007,16.411946410000041],[120.59063560200002,16.411538387000064],[120.59067338200009,16.411289040000042],[120.59077450500001,16.411046078000027],[120.59084500500001,16.410875736000037],[120.59148075700011,16.410934852000025],[120.59158128600006,16.410941450000053],[120.59188429400001,16.410658762000025],[120.59245272500004,16.411219181000035],[120.59273060500004,16.411495284000068],[120.59261485400009,16.411974477000058],[120.59263062700006,16.412289929000053],[120.5927397910001,16.41243307700006],[120.59297086800007,16.412659479000069],[120.59270378300005,16.412945442000023],[120.59215435500005,16.413470200000063],[120.5924440010001,16.413847999000041],[120.59207604400001,16.414206180000065],[120.59191004500008,16.414369362000059],[120.59153980100007,16.414578411000036]]]},"properties":{"brgy_name":"Rizal Monument Area","psgc_10d":"1430300155","city_name":"Baguio City","prov_name":"Benguet","urban_rural2015":"U"}},{"type":"Feature","geometry":{"type":"Polygon","coordinates":[[[120.58844089400009,16.410473859000035],[120.5880092860001,16.410600803000023],[120.58769247000009,16.41068475000003],[120.58733993900012,16.410696501000075],[120.58717145700007,16.410504325000034],[120.5870343580001,16.410377382000036],[120.58693280300008,16.410133650000034],[120.58701404700003,16.409849296000061],[120.58708005800008,16.409636031000048],[120.58701481700007,16.409520454000074],[120.58738472300001,16.408914990000028],[120.58791859600001,16.408430270000053],[120.58792989300002,16.408328595000057],[120.58799767700009,16.408204326000032],[120.58812759500006,16.40811394800005],[120.58831400000008,16.40800097500005],[120.58851170100002,16.407921895000072],[120.58855204600002,16.407825407000075],[120.58858554900007,16.407982012000048],[120.58846803800009,16.408111273000031],[120.58840928300003,16.408393298000021],[120.58830352400003,16.408751705000043],[120.58827375700002,16.409266993000074],[120.58831400000008,16.409334050000041],[120.58861345100001,16.409521725000047],[120.58874393700012,16.409613832000048],[120.5890125840001,16.409736643000031],[120.58916609700009,16.410135776000061],[120.58917850600005,16.410375496000029],[120.5890146800001,16.410463703000062],[120.58872524800006,16.410418004000064],[120.58844089400009,16.410473859000035]]]},"properties":{"brgy_name":"Rock Quarry, Lower","psgc_10d":"1430300092","city_name":"Baguio City","prov_name":"Benguet","urban_rural2015":"R"}},{"type":"Feature","geometry":{"type":"Polygon","coordinates":[[[120.58738472300001,16.408914990000028],[120.58622168700003,16.409247383000036],[120.58585561100006,16.409583575000056],[120.5858007810001,16.409349993000035],[120.58556621900004,16.40909956400003],[120.58539735500005,16.40909956400003],[120.58505574000003,16.409122290000028],[120.58453499000007,16.408016062000058],[120.58464336600002,16.407844156000067],[120.58477790200004,16.407672249000029],[120.58502455000007,16.407537714000057],[120.58516282300002,16.407335910000029],[120.58521514200004,16.407212586000071],[120.58524877600007,16.407059365000066],[120.58522045200004,16.406975728000077],[120.58519271900002,16.406906144000061],[120.58514413700004,16.406760397000028],[120.58520766800007,16.406622125000069],[120.58536462600011,16.406581017000065],[120.58579812900007,16.406528697000056],[120.58643505000009,16.407066960000066],[120.5865116010001,16.40718561400007],[120.58661877200007,16.407204752000041],[120.58677597200005,16.407757809000032],[120.58738472300001,16.408914990000028]]]},"properties":{"brgy_name":"Rock Quarry, Middle","psgc_10d":"1430300151","city_name":"Baguio City","prov_name":"Benguet","urban_rural2015":"U"}},{"type":"Feature","geometry":{"type":"Polygon","coordinates":[[[120.58855204600002,16.407825407000075],[120.58851170100002,16.407921895000072],[120.58831400000008,16.40800097500005],[120.58812759500006,16.40811394800005],[120.58799767700009,16.408204326000032],[120.58792989300002,16.408328595000057],[120.58791859600001,16.408430270000053],[120.58738472300001,16.408914990000028],[120.58677597200005,16.407757809000032],[120.58661877200007,16.407204752000041],[120.5865116010001,16.40718561400007],[120.58643505000009,16.407066960000066],[120.58579812900007,16.406528697000056],[120.58588034500008,16.406487589000051],[120.58589554900004,16.406361703000073],[120.58630406700001,16.406151288000046],[120.58670677800001,16.406238565000024],[120.58697293400007,16.406237261000058],[120.58731401800003,16.406253249000031],[120.58740461900004,16.406258578000063],[120.58750587800012,16.40626923700006],[120.58756983100011,16.406258578000063],[120.58766576100004,16.406263908000028],[120.58777235000002,16.406205284000066],[120.58778688200005,16.406108232000065],[120.58793646700008,16.406095034000032],[120.58810805100006,16.406086234000043],[120.58834122900009,16.406029040000021],[120.58854801000007,16.405980644000067],[120.58873279200009,16.406029040000021],[120.58889997600011,16.406095034000032],[120.5890363630001,16.406240220000029],[120.58922994500006,16.406451400000037],[120.58873190100007,16.407058826000025],[120.58875166100006,16.407145769000067],[120.5887556130001,16.407293967000044],[120.58870621300002,16.407471804000068],[120.58861136700011,16.407712873000037],[120.58855204600002,16.407825407000075]]]},"properties":{"brgy_name":"Rock Quarry, Upper","psgc_10d":"1430300114","city_name":"Baguio City","prov_name":"Benguet","urban_rural2015":"R"}},{"type":"Feature","geometry":{"type":"Polygon","coordinates":[[[120.60993526400011,16.422255322000069],[120.6097424300001,16.422374425000044],[120.60959213300009,16.42245949900007],[120.6094985520001,16.42245949900007],[120.60938228500004,16.422431141000061],[120.60933124000007,16.422363082000061],[120.60920363000002,16.422272337000038],[120.60904482600006,16.42222696400006],[120.60891437900011,16.422238307000043],[120.60872006600005,16.422168778000071],[120.60856953100006,16.422022102000028],[120.60838425600002,16.421906306000039],[120.60831091800003,16.421809808000035],[120.6082684590001,16.421338902000059],[120.60804946300004,16.420721159000038],[120.60805797100011,16.420664443000078],[120.60803812000006,16.420596385000067],[120.60795871800008,16.420499968000058],[120.60782260000008,16.420426237000072],[120.60762976600006,16.420417730000054],[120.60751066300008,16.420417730000054],[120.60738588800007,16.420482953000032],[120.60698320600011,16.420647429000041],[120.60665141900006,16.420758025000055],[120.60659186700002,16.42074384600005],[120.60628560200007,16.420658772000024],[120.60619772300004,16.420666682000046],[120.6062059950001,16.420571978000055],[120.60604836700008,16.420078272000069],[120.60601436700006,16.419950181000047],[120.60594753700002,16.419687452000062],[120.60588247600003,16.419541065000033],[120.60576906500012,16.419347157000061],[120.60574442100005,16.419223935000048],[120.60588712300012,16.419078665000029],[120.60619623300011,16.418903559000057],[120.60647553600006,16.418673545000047],[120.60645874400007,16.418334365000078],[120.60647882500007,16.418155648000038],[120.60665626100001,16.418139585000063],[120.60700128100007,16.418205303000036],[120.60728058400002,16.418172444000049],[120.60739559000001,16.417991719000042],[120.60737094600006,16.417695987000059],[120.60732165700006,16.417564551000055],[120.60734630200011,16.417416685000035],[120.60751881200008,16.416899154000077],[120.60780632900003,16.416545919000043],[120.60787204700011,16.416356979000057],[120.60820748900005,16.415912465000076],[120.60826899900007,16.415635671000075],[120.60843815100009,16.415235856000038],[120.60847915800002,16.415046200000063],[120.60855091900009,16.414815538000028],[120.60861755500002,16.414666889000046],[120.60873652600003,16.414544567000064],[120.60904600100002,16.414662330000056],[120.61021144900008,16.413333881000028],[120.61123645900011,16.413239132000058],[120.61199445000011,16.412877363000064],[120.61267491900003,16.412214122000023],[120.61271647900003,16.412080101000072],[120.61294156100007,16.412110518000077],[120.61319097600006,16.412262600000076],[120.61333697600003,16.412329516000057],[120.61352555800011,16.412329516000057],[120.61378714000011,16.412262600000076],[120.61421905400005,16.412116601000037],[120.61448671900007,16.412080101000072],[120.61466313500011,16.412116601000037],[120.61497946600002,16.412165267000034],[120.61535347800009,16.412141890000044],[120.61548927900003,16.412119863000044],[120.61557154100001,16.412341970000057],[120.61559621900005,16.412605209000048],[120.61547282600009,16.412835542000039],[120.61544814800004,16.413065876000076],[120.61554686200009,16.413468960000046],[120.61575251700003,16.414283354000077],[120.61576074300001,16.414809831000071],[120.6156538030001,16.415278724000075],[120.61541283800011,16.416077456000039],[120.61528545800002,16.416107428000032],[120.61519554200004,16.416182357000025],[120.61509965900007,16.416362586000048],[120.61515058500004,16.416429624000045],[120.61481357900004,16.417058231000055],[120.61458962800009,16.417257971000026],[120.61453515300002,16.417457711000054],[120.61450489000003,16.417760347000069],[120.61449278400005,16.418123510000044],[120.61452304800002,16.418317197000022],[120.61449278400005,16.418504832000053],[120.61432936100005,16.418716677000077],[120.61421179300009,16.418772248000039],[120.61400906500012,16.418873612000027],[120.61348494000003,16.419160214000044],[120.61296839200008,16.419319615000063],[120.61268795100011,16.419404085000053],[120.61254266300011,16.419529101000023],[120.61190526200005,16.419651387000044],[120.61175862400012,16.419610028000022],[120.61165334500004,16.419617548000076],[120.61131494900008,16.419816825000055],[120.61122847000001,16.419858185000066],[120.61087503500005,16.419880744000068],[120.61087283600011,16.419917540000029],[120.61093886200001,16.420033763000049],[120.61107026800005,16.420047956000076],[120.61125154300009,16.420115290000069],[120.61129437600005,16.42023847400003],[120.61129317500001,16.420250164000038],[120.61105533200009,16.420610682000074],[120.61085563200004,16.420810416000052],[120.61064473400006,16.421077920000073],[120.61039752000011,16.421228276000022],[120.61025344200004,16.421361213000068],[120.61034579800003,16.421549854000034],[120.61044402300001,16.421795479000025],[120.61036346800006,16.421818610000059],[120.61026138000011,16.421846968000068],[120.61019615600003,16.421934878000059],[120.61006571000007,16.422116368000047],[120.60993526400011,16.422255322000069]]]},"properties":{"brgy_name":"Saint Joseph Village","psgc_10d":"1430300110","city_name":"Baguio City","prov_name":"Benguet","urban_rural2015":"U"}},{"type":"Feature","geometry":{"type":"Polygon","coordinates":[[[120.60320088000003,16.410444783000059],[120.60261707500001,16.41122014900003],[120.60279039200009,16.411648881000076],[120.60282688000007,16.411822198000038],[120.60273566100011,16.411968150000064],[120.60248024600003,16.412050247000025],[120.60228868500008,16.412278296000068],[120.60200590400007,16.412533711000037],[120.60192380700005,16.412606686000061],[120.60159541600001,16.412789125000074],[120.60118492900006,16.412871223000025],[120.60097512400012,16.412789125000074],[120.60082653200004,16.412698015000046],[120.6006179310001,16.412652000000037],[120.60051976500006,16.41277470700004],[120.60035483100012,16.412971565000078],[120.60021800100003,16.413053662000038],[120.59994434300006,16.412971565000078],[120.59976190400005,16.412816491000058],[120.59964502100001,16.412689494000062],[120.59945350700002,16.412263342000074],[120.59939700400002,16.412113908000038],[120.59912091000001,16.411908007000022],[120.59895053100001,16.411755464000066],[120.59870216900003,16.411523035000073],[120.59899286100006,16.41118070400006],[120.59933044100001,16.410814559000073],[120.59942741900011,16.410735679000027],[120.59951570700002,16.410694478000039],[120.59960988000012,16.410670935000041],[120.59975114100007,16.410647391000055],[120.60015235500009,16.410200560000078],[120.60069045800003,16.410039876000042],[120.60079508900003,16.40996887700004],[120.60084740500008,16.409834351000029],[120.60094082500007,16.409527931000071],[120.60096324600011,16.409296248000032],[120.60097445700001,16.409064565000051],[120.60103050900011,16.408918828000026],[120.60112393000009,16.408888934000061],[120.60132198200006,16.408896408000032],[120.60142661300006,16.408963670000048],[120.60163213800001,16.409038407000025],[120.60196845300004,16.409135564000053],[120.60221882000008,16.409150512000053],[120.60240192400011,16.409098196000059],[120.60252897700002,16.409045881000054],[120.60266723900008,16.409030933000054],[120.60277560700001,16.409105670000031],[120.60291387000007,16.409456931000022],[120.60306334300003,16.409740930000055],[120.60311939500002,16.409991298000023],[120.60320088000003,16.410444783000059]]]},"properties":{"brgy_name":"Salud Mitra","psgc_10d":"1430300094","city_name":"Baguio City","prov_name":"Benguet","urban_rural2015":"U"}},{"type":"Feature","geometry":{"type":"Polygon","coordinates":[[[120.60594528700005,16.426057631000049],[120.60609689700004,16.426353630000051],[120.60619623300011,16.426762623000059],[120.60616428100002,16.426909070000022],[120.60598055600008,16.427095457000064],[120.60564928800011,16.427306602000044],[120.60531559700007,16.427196748000028],[120.60511072800011,16.427209552000022],[120.60510370000009,16.426877546000071],[120.60503856200012,16.426794302000076],[120.60493388600003,16.426729649000038],[120.60478610700011,16.426800460000038],[120.6044382120001,16.42693592300003],[120.60434277100001,16.426917451000065],[120.60423501600008,16.426898979000043],[120.60408723800003,16.42682201100007],[120.6040570670001,16.426659310000048],[120.60514538100006,16.425823612000045],[120.60529961800012,16.425705816000061],[120.60551818200008,16.425875811000026],[120.60569424800008,16.425997235000068],[120.60594528700005,16.426057631000049]]]},"properties":{"brgy_name":"San Antonio Village","psgc_10d":"1430300096","city_name":"Baguio City","prov_name":"Benguet","urban_rural2015":"R"}},{"type":"Feature","geometry":{"type":"Polygon","coordinates":[[[120.57942135500002,16.412478868000051],[120.57931463600005,16.412652667000032],[120.57925060500008,16.413067347000037],[120.57916827800011,16.413225901000033],[120.57906460800007,16.413299080000058],[120.57822000300007,16.413265540000054],[120.57761932700009,16.413167968000039],[120.57695462000004,16.41302465900003],[120.57565531000012,16.413052967000056],[120.57510196500004,16.413117434000071],[120.57428000500011,16.413171157000022],[120.57412683100006,16.413182939000023],[120.57403825200004,16.413149668000074],[120.57382873300003,16.413058339000031],[120.57326072500007,16.412736232000043],[120.57290732600006,16.412483309000038],[120.57193486500012,16.411969249000038],[120.57145908100006,16.411721075000059],[120.57085968800004,16.411388464000026],[120.57040927700007,16.411125147000064],[120.56977523700004,16.41075095900004],[120.56933868500005,16.410574259000043],[120.56903379100004,16.410435671000073],[120.5681087160001,16.410037231000047],[120.56760633500005,16.40986399600007],[120.56700347700007,16.409604143000024],[120.56679906000011,16.409545243000025],[120.56660503700004,16.409517526000059],[120.56635904300003,16.409517526000059],[120.56637432800005,16.409141595000051],[120.56706865300009,16.408391111000071],[120.56743113200002,16.408105213000056],[120.56765066200001,16.407538521000049],[120.56816119500002,16.406359189000057],[120.56880446700006,16.405741443000068],[120.56922666500009,16.405401958000027],[120.57099653200009,16.40410879500007],[120.57109357000002,16.404233559000033],[120.57130151100012,16.404386049000038],[120.57155566100005,16.404510813000059],[120.57190684900002,16.404607852000026],[120.57213327400007,16.404691029000048],[120.57228576300008,16.404820414000028],[120.57236431900003,16.404931316000045],[120.57246597900007,16.405042217000073],[120.57250667500011,16.404941594000036],[120.57249192900008,16.404819941000028],[120.57247951300008,16.404783334000058],[120.5734217700001,16.404604433000031],[120.57452996200004,16.404711759000065],[120.57623566600012,16.404524132000063],[120.57699285500007,16.404792913000051],[120.57761728600008,16.405308755000021],[120.57829956800003,16.406622148000054],[120.57865776600011,16.407662627000036],[120.57889656400005,16.409248932000025],[120.57893758200009,16.410337721000076],[120.57893862300011,16.41074689900006],[120.57890211400002,16.411026728000024],[120.57886960500002,16.411171540000055],[120.57879572100001,16.411342950000062],[120.57870115000003,16.411496628000066],[120.57858884700011,16.411597110000059],[120.57854156200005,16.411715323000067],[120.57857702600006,16.411833537000064],[120.57870706100005,16.412010858000031],[120.57890211400002,16.412229553000032],[120.57900259600001,16.412321169000052],[120.5790971670001,16.412353678000045],[120.57926857700011,16.412332990000039],[120.57933950500001,16.412359589000062],[120.57942135500002,16.412478868000051]]]},"properties":{"brgy_name":"San Luis Village","psgc_10d":"1430300097","city_name":"Baguio City","prov_name":"Benguet","urban_rural2015":"U"}},{"type":"Feature","geometry":{"type":"Polygon","coordinates":[[[120.58266448000006,16.412593059000073],[120.58245827500002,16.412643520000074],[120.5823972930001,16.412677060000021],[120.58217470800003,16.412844762000077],[120.58197956400011,16.412960628000064],[120.58179356800008,16.41301246300003],[120.58149475500011,16.413021610000044],[120.58118984300006,16.412920989000042],[120.58091237300005,16.412786828000037],[120.58071418100008,16.412716699000043],[120.57961649900005,16.412433131000057],[120.57942135500002,16.412478868000051],[120.57933950500001,16.412359589000062],[120.57926857700011,16.412332990000039],[120.5790971670001,16.412353678000045],[120.57900259600001,16.412321169000052],[120.57890211400002,16.412229553000032],[120.57870706100005,16.412010858000031],[120.57857702600006,16.411833537000064],[120.57854156200005,16.411715323000067],[120.57858884700011,16.411597110000059],[120.57870115000003,16.411496628000066],[120.57879572100001,16.411342950000062],[120.57886960500002,16.411171540000055],[120.57890211400002,16.411026728000024],[120.57893862300011,16.41074689900006],[120.57893758200009,16.410337721000076],[120.57962312300003,16.410589086000073],[120.58044980700004,16.410749980000048],[120.58140330200001,16.410452650000025],[120.58145935800007,16.410695562000058],[120.58153271700007,16.410757334000039],[120.58163182900012,16.410924437000062],[120.58166730000005,16.410983432000023],[120.58172113300009,16.411101864000045],[120.58208181300006,16.411516378000044],[120.58225946100004,16.411817842000062],[120.58245864300011,16.412081623000063],[120.58248289500011,16.412168185000041],[120.58266448000006,16.412593059000073]]]},"properties":{"brgy_name":"San Roque Village","psgc_10d":"1430300098","city_name":"Baguio City","prov_name":"Benguet","urban_rural2015":"R"}},{"type":"Feature","geometry":{"type":"Polygon","coordinates":[[[120.59884699300005,16.397077625000065],[120.59854853400009,16.397191847000045],[120.59806585500007,16.397235727000066],[120.5976709360001,16.39720062300006],[120.59708294500001,16.397384918000057],[120.59669680200011,16.397621870000023],[120.59605692600007,16.397290347000023],[120.59593225200001,16.397192047000033],[120.59561859200005,16.397062256000027],[120.59513187800007,16.396910834000039],[120.59410977800007,16.396251066000048],[120.59454394800002,16.395596564000073],[120.59484457500002,16.395306025000025],[120.59517800000003,16.394385482000075],[120.59535678300006,16.393717107000043],[120.59532985700002,16.393544782000049],[120.5953083170001,16.393455927000048],[120.59531100900006,16.393364379000047],[120.59533524200003,16.393278217000045],[120.59533524200003,16.393218980000029],[120.59528139100007,16.393170514000076],[120.59522484700005,16.393124740000076],[120.59507285800009,16.393013003000021],[120.59518164300005,16.392901494000057],[120.59534973400002,16.392775426000071],[120.59567541100012,16.392659863000063],[120.59594505700011,16.392554806000078],[120.59662792800009,16.39230617100003],[120.5975839460001,16.392005008000069],[120.59763997700009,16.392008510000039],[120.59769950900011,16.392082050000056],[120.59780456600004,16.392362201000026],[120.59793063400002,16.392439243000069],[120.59820028000001,16.392589825000073],[120.59833335300004,16.392614338000044],[120.59843140600003,16.392610836000074],[120.59855833400002,16.392585549000046],[120.59860299900004,16.392491772000028],[120.59857148200001,16.392411228000071],[120.59848893200001,16.392328353000039],[120.59837054100001,16.392242622000026],[120.59832971600008,16.392169137000053],[120.59833379800011,16.392116065000039],[120.59839095300003,16.392067076000046],[120.59883536700011,16.391957815000069],[120.59909274600011,16.391939431000026],[120.59906333200001,16.392035029000056],[120.59908171600011,16.392108566000047],[120.59914054600006,16.392182103000039],[120.59925820500007,16.392196811000076],[120.59938321800007,16.392178426000044],[120.5995964760001,16.392101212000057],[120.59974722700008,16.392071797000028],[120.59984282500011,16.392071797000028],[120.59991636200004,16.392137981000076],[120.59997894300011,16.392261699000073],[120.5998367520001,16.392610657000034],[120.59973254800002,16.392815590000055],[120.59975338900006,16.39310041300007],[120.59988876600005,16.393493840000076],[120.59999394500005,16.393703830000049],[120.60014241500005,16.393989616000056],[120.60019451700009,16.394132027000069],[120.60019179400001,16.394436485000028],[120.60000695100007,16.394687778000048],[120.59973141100011,16.394836291000047],[120.59884699300005,16.395345134000024],[120.59845930200004,16.395672248000039],[120.59818690000009,16.395969896000054],[120.59834615000011,16.396228677000067],[120.59845930200004,16.39647185900003],[120.59884699300005,16.397077625000065]]]},"properties":{"brgy_name":"San Vicente","psgc_10d":"1430300099","city_name":"Baguio City","prov_name":"Benguet","urban_rural2015":"U"}},{"type":"Feature","geometry":{"type":"Polygon","coordinates":[[[120.60254055100006,16.429906794000033],[120.60256090200005,16.431412471000044],[120.59963184100002,16.431305330000043],[120.59933358400008,16.431588754000074],[120.59913953100011,16.431137468000031],[120.59897852000006,16.431029626000054],[120.59842116100003,16.431060051000031],[120.59824394800012,16.431122106000032],[120.59804593300009,16.431265329000041],[120.59780753300004,16.431482896000034],[120.59750515100006,16.431502580000029],[120.59739847600008,16.431387637000057],[120.59721201800005,16.431114610000066],[120.59685908100005,16.430741695000052],[120.59665149900002,16.430508614000075],[120.59673729700012,16.430175916000053],[120.59680493300004,16.429779766000024],[120.59679527100002,16.42936429100007],[120.5970658120001,16.429113074000043],[120.59738466500005,16.428958479000073],[120.5975972330001,16.428745910000032],[120.59758793500009,16.428464944000041],[120.59747199900005,16.428282761000048],[120.59750144300006,16.428234914000029],[120.59754008800007,16.428185228000075],[120.59761001700008,16.428096896000056],[120.59772595300001,16.428039849000072],[120.5978290060001,16.42802328700003],[120.59793206000006,16.428045369000074],[120.59801119000008,16.428054571000075],[120.59806639700003,16.428045369000074],[120.59814552800003,16.428015926000057],[120.59818233200008,16.427971760000048],[120.59817681200002,16.427934955000069],[120.59818233200008,16.427887109000039],[120.59820441500005,16.427866866000045],[120.59828354600006,16.427826381000045],[120.59837003700011,16.427819020000072],[120.59841788300002,16.42784662300005],[120.59837398500008,16.427675543000078],[120.59837398500008,16.427652306000027],[120.5983714030001,16.427585176000036],[120.59837004500002,16.427533062000066],[120.59836882100001,16.427468989000033],[120.59839980400011,16.427381204000028],[120.59851599100011,16.427339893000067],[120.59877676500003,16.427321819000042],[120.59888778800007,16.427314074000037],[120.59894975400005,16.427290836000054],[120.59897815500005,16.427234034000037],[120.59893168000008,16.427125593000028],[120.59889295200003,16.427048136000053],[120.5989136070001,16.427001661000077],[120.59898848300008,16.426978424000026],[120.59909176000008,16.42691903900004],[120.59918987300011,16.426823508000041],[120.59927765800001,16.426764124000044],[120.5994119180001,16.426771870000039],[120.59949195800004,16.426800271000047],[120.59956425200005,16.426846745000034],[120.5996029800001,16.426877729000068],[120.5996468730001,16.426864819000059],[120.59963396400008,16.426813180000067],[120.59964170900003,16.426733141000057],[120.59969712900011,16.426701438000066],[120.59978442600004,16.426780005000069],[120.59982225400006,16.426861482000049],[120.5998077050001,16.426954598000066],[120.59973786700004,16.427024436000067],[120.59951380600012,16.427085544000022],[120.59938286000011,16.427167021000059],[120.59928392400002,16.427324155000065],[120.59924973300008,16.427535122000052],[120.59928028700006,16.427648608000027],[120.59947670400004,16.42804144400003],[120.59964016600009,16.428341154000066],[120.59967611900004,16.428396813000063],[120.59980194100001,16.428655711000033],[120.59983204800005,16.428714754000055],[120.59988094100004,16.428877730000067],[120.60157440100011,16.429547711000055],[120.60173381700008,16.429582721000031],[120.60184069200011,16.429527560000054],[120.60198204300002,16.429572379000035],[120.60208202300009,16.429761995000035],[120.60219579300008,16.429820604000042],[120.60240264700008,16.429855080000038],[120.60254055100006,16.429906794000033]]]},"properties":{"brgy_name":"Sanitary Camp, North","psgc_10d":"1430300079","city_name":"Baguio City","prov_name":"Benguet","urban_rural2015":"R"}},{"type":"Feature","geometry":{"type":"Polygon","coordinates":[[[120.59969712900011,16.426701438000066],[120.59964170900003,16.426733141000057],[120.59963396400008,16.426813180000067],[120.5996468730001,16.426864819000059],[120.5996029800001,16.426877729000068],[120.59956425200005,16.426846745000034],[120.59949195800004,16.426800271000047],[120.5994119180001,16.426771870000039],[120.59927765800001,16.426764124000044],[120.59918987300011,16.426823508000041],[120.59909176000008,16.42691903900004],[120.59898848300008,16.426978424000026],[120.5989136070001,16.427001661000077],[120.59889295200003,16.427048136000053],[120.59893168000008,16.427125593000028],[120.59897815500005,16.427234034000037],[120.59894975400005,16.427290836000054],[120.59888778800007,16.427314074000037],[120.59877676500003,16.427321819000042],[120.59851599100011,16.427339893000067],[120.59839980400011,16.427381204000028],[120.59836882100001,16.427468989000033],[120.59837004500002,16.427533062000066],[120.5983714030001,16.427585176000036],[120.59837398500008,16.427652306000027],[120.59837398500008,16.427675543000078],[120.59841788300002,16.42784662300005],[120.59837003700011,16.427819020000072],[120.59828354600006,16.427826381000045],[120.59820441500005,16.427866866000045],[120.59818233200008,16.427887109000039],[120.59817681200002,16.427934955000069],[120.59818233200008,16.427971760000048],[120.59814552800003,16.428015926000057],[120.59806639700003,16.428045369000074],[120.59801119000008,16.428054571000075],[120.59793206000006,16.428045369000074],[120.5978290060001,16.42802328700003],[120.59772595300001,16.428039849000072],[120.59761001700008,16.428096896000056],[120.59754008800007,16.428185228000075],[120.59750144300006,16.428234914000029],[120.59747199900005,16.428282761000048],[120.59728061400006,16.428130020000026],[120.59688223000001,16.427876312000024],[120.59640878200003,16.42776036600003],[120.59596432100011,16.427779690000023],[120.59557783300011,16.427654081000071],[120.59546188700006,16.427277255000035],[120.59545222500003,16.426678199000037],[120.59544256200002,16.426301373000058],[120.59501742500004,16.425982520000048],[120.59542961400007,16.425858193000067],[120.59567377700012,16.425932657000033],[120.59564863200001,16.426031857000055],[120.59561165700006,16.426183455000057],[120.59559686700004,16.426360936000037],[120.5956375400001,16.426508837000029],[120.59572628000001,16.426608670000064],[120.59586306500012,16.426667905000045],[120.59598569400009,16.426554840000051],[120.59595792100004,16.426242400000035],[120.59606901100005,16.426138253000033],[120.59644394000009,16.426027163000072],[120.59696467400011,16.42592301600007],[120.59706882100011,16.425985504000039],[120.59790199500003,16.426728418000039],[120.59795754000004,16.426749248000021],[120.59879765800008,16.426527068000041],[120.59906859200009,16.426541393000036],[120.59936831100003,16.426587952000034],[120.59969712900011,16.426701438000066]]]},"properties":{"brgy_name":"Sanitary Camp, South","psgc_10d":"1430300109","city_name":"Baguio City","prov_name":"Benguet","urban_rural2015":"R"}},{"type":"Feature","geometry":{"type":"Polygon","coordinates":[[[120.60455256700004,16.402571132000048],[120.60416260000011,16.402722786000027],[120.60387012400008,16.402917769000055],[120.60355598400008,16.403026093000051],[120.60260273100005,16.402950266000062],[120.6023969150001,16.402917769000055],[120.60200555000006,16.40256848000007],[120.60190570000009,16.402428690000022],[120.60189238600003,16.402268930000048],[120.60201220600004,16.402149110000039],[120.60229178600002,16.402082543000063],[120.60254600000007,16.399740854000072],[120.60235725300004,16.399130890000038],[120.60231760000011,16.399018364000028],[120.60240150200002,16.398990396000045],[120.60246675900009,16.398920478000036],[120.60249938800007,16.398836576000065],[120.60265065800002,16.398734924000053],[120.60261424900011,16.398613559000069],[120.60266513300007,16.398453916000051],[120.60269543100003,16.398333683000033],[120.60278247200006,16.398318720000077],[120.60289726100007,16.398280457000055],[120.60295082900006,16.398252398000068],[120.60302596700001,16.398168230000067],[120.60306742000012,16.398287408000044],[120.6031451450001,16.398344406000035],[120.60341977200005,16.398458402000074],[120.60362185600002,16.398536127000057],[120.60385503000009,16.398644942000033],[120.60396384500007,16.398577580000051],[120.60411929400004,16.398484311000061],[120.60426438000002,16.398453221000068],[120.6044042850001,16.398603488000049],[120.60455455200008,16.398639760000037],[120.60463227700006,16.398556854000049],[120.60481363500003,16.398463584000069],[120.60493799400001,16.398541309000052],[120.60498462900011,16.39867085000003],[120.60492763100001,16.398883297000054],[120.6050209010001,16.398945477000041],[120.60514526000009,16.398976567000034],[120.60524734800003,16.399067072000037],[120.60539397900004,16.399132016000067],[120.60548206700003,16.399002475000032],[120.60547325300001,16.399307360000023],[120.60553060500001,16.400175703000059],[120.60520720600005,16.401084796000077],[120.6049513910001,16.401568379000025],[120.60469447200001,16.402050213000052],[120.60453280000002,16.402216505000069],[120.60455256700004,16.402571132000048]]]},"properties":{"brgy_name":"Santa Escolastica","psgc_10d":"1430300100","city_name":"Baguio City","prov_name":"Benguet","urban_rural2015":"R"}},{"type":"Feature","geometry":{"type":"Polygon","coordinates":[[[120.58823895400008,16.403476272000034],[120.58738647000007,16.40320538900005],[120.58651401800012,16.402555016000065],[120.58507600100006,16.403197422000062],[120.58439879500008,16.403707319000034],[120.58302048100006,16.404392492000056],[120.5823432740001,16.403834793000044],[120.58192101600002,16.403197422000062],[120.58067017600001,16.402241366000055],[120.58101051500012,16.402168063000033],[120.5829328420001,16.401755371000036],[120.58323559300004,16.401787239000043],[120.58361004900007,16.401731469000026],[120.58417571500001,16.401189704000046],[120.58494852700005,16.400711676000071],[120.58518763000006,16.400301993000028],[120.58538701500004,16.400340584000048],[120.58573433100003,16.400334152000028],[120.58595402200001,16.400343192000037],[120.58611380700006,16.400417765000043],[120.58624887400003,16.400546401000042],[120.58635821500002,16.400623582000037],[120.58647398700009,16.400642878000042],[120.58657689500001,16.400642878000042],[120.58663478100004,16.400591424000027],[120.58661999600008,16.400535791000038],[120.58654574100001,16.40050330400004],[120.58645469100009,16.400437061000048],[120.58642253300002,16.400372743000048],[120.58642253300002,16.400256971000033],[120.58651900900009,16.400160494000033],[120.58666050900001,16.400064017000034],[120.5867955760001,16.40002542600007],[120.58711073400002,16.400018995000039],[120.58728439200002,16.400064017000034],[120.58752236800001,16.400141199000075],[120.58766386700006,16.400250539000069],[120.58779893500002,16.400404902000048],[120.58777558800011,16.400500984000075],[120.5876618850001,16.400605405000022],[120.58756674600011,16.400698223000063],[120.58754586200007,16.400823528000046],[120.5876124130001,16.400970899000072],[120.58770889000004,16.401060944000051],[120.58788898000012,16.401112398000066],[120.58812695600011,16.401144557000066],[120.58831347800003,16.401131694000071],[120.58839065900008,16.401099535000071],[120.58852572600006,16.400945172000036],[120.5886672260001,16.400842263000072],[120.58878943000002,16.400867990000052],[120.58887304300004,16.400951604000056],[120.58895665600005,16.401048080000066],[120.58903383800009,16.401215307000029],[120.58910458700007,16.401363238000044],[120.58910458700007,16.401517601000023],[120.58910458700007,16.401697691000038],[120.58917533700003,16.401768440000069],[120.58925895000004,16.401794167000048],[120.58942617600007,16.401826326000048],[120.58959340300009,16.401839190000032],[120.58981851500005,16.401826326000048],[120.58970488400007,16.401880575000064],[120.58949965700003,16.402041825000026],[120.58940583800006,16.402153234000025],[120.58938531600006,16.402340870000046],[120.58932081600005,16.402507984000067],[120.58922992900011,16.40256075700006],[120.58918118200006,16.403037466000058],[120.58886039000004,16.403173521000042],[120.58823895400008,16.403476272000034]]]},"properties":{"brgy_name":"Santo Rosario","psgc_10d":"1430300101","city_name":"Baguio City","prov_name":"Benguet","urban_rural2015":"R"}},{"type":"Feature","geometry":{"type":"Polygon","coordinates":[[[120.58539164900003,16.384990490000064],[120.58487125300007,16.385291918000064],[120.58300189500005,16.386375331000067],[120.5816031380001,16.386844684000039],[120.58143361900011,16.387043145000064],[120.58108631300001,16.387303624000026],[120.5809250640001,16.387452470000028],[120.58078448700007,16.387539296000057],[120.58072246800009,16.387617854000041],[120.58071419900011,16.387675738000041],[120.58066871900007,16.38782044900006],[120.58056121900006,16.387861795000049],[120.58035862400004,16.387890737000077],[120.58021936500006,16.388010845000053],[120.58021918800011,16.388087132000067],[120.58019724300004,16.388243727000031],[120.58011928200006,16.388766513000064],[120.5799463190001,16.389229155000066],[120.57970316300009,16.389377250000052],[120.57971180100003,16.389302388000033],[120.57967149100011,16.389241922000053],[120.5794872140001,16.389178578000042],[120.57932021400006,16.389547130000039],[120.57926130100009,16.38978142600007],[120.57915916700006,16.390351123000073],[120.5790353110001,16.390512393000051],[120.57886338100002,16.390506418000029],[120.57869078400006,16.390513397000063],[120.57862365300002,16.390439624000066],[120.57831601700002,16.390565990000027],[120.57840103600006,16.390667503000032],[120.57882151300009,16.391165846000035],[120.57892014300012,16.391383871000073],[120.57904472900009,16.391731673000038],[120.57917969700009,16.392380557000024],[120.57919007900011,16.392499951000048],[120.57924198900002,16.393096924000076],[120.57911819600008,16.393044804000056],[120.57897601100001,16.393069079000043],[120.57876793500009,16.393256347000033],[120.5785459870001,16.393440148000025],[120.57814370700009,16.393630884000061],[120.57798765000007,16.393686371000058],[120.57792176000009,16.39366556300007],[120.57790788800003,16.393571929000075],[120.5778281260001,16.393336110000064],[120.57777263900005,16.393304898000054],[120.5776477930001,16.393284091000055],[120.57747786500011,16.393402001000027],[120.57728037600009,16.393086966000055],[120.57706581500008,16.392729364000047],[120.57697598800007,16.392697661000057],[120.57687559300007,16.39270822800006],[120.57669593900005,16.392798056000061],[120.57646869700011,16.392933830000061],[120.57635248300005,16.392998845000022],[120.57628489700005,16.392999721000024],[120.57623095200006,16.392940722000048],[120.57613230800007,16.392729222000071],[120.5760460140001,16.392518006000046],[120.57591760300011,16.392236677000028],[120.57554993500003,16.392417787000056],[120.57530192400009,16.392494098000043],[120.5750634530001,16.392651489000059],[120.57463420300007,16.393033044000049],[120.57439573200008,16.393257208000023],[120.57414734000008,16.393317565000075],[120.57408640500012,16.393273620000059],[120.57392755400008,16.393163307000066],[120.57373781500007,16.392969156000049],[120.57361867700001,16.392832368000029],[120.57345541400002,16.392638217000069],[120.57330980000006,16.392580854000073],[120.57303622400002,16.392616154000052],[120.57266557100002,16.392779418000032],[120.57212283100012,16.392982394000057],[120.57180512900004,16.393158895000056],[120.5715447450001,16.39330521200003],[120.57078922500011,16.393324333000066],[120.57085846100006,16.392299379000065],[120.57086440100011,16.392220752000071],[120.57232582900008,16.391110032000029],[120.57294522100005,16.390158779000046],[120.5731892010001,16.390054957000075],[120.57346432800011,16.389899225000022],[120.57408206500008,16.389535850000073],[120.57461155500005,16.389291870000022],[120.57483477100004,16.389198430000022],[120.57520333700006,16.389120564000052],[120.5754421260001,16.389084227000069],[120.57558228500011,16.389058272000057],[120.57583145600006,16.389099800000054],[120.57572835500002,16.389017017000072],[120.57554145400002,16.388785509000058],[120.57538703300008,16.388550520000024],[120.57517218600003,16.388342387000023],[120.57507147700005,16.38826853300003],[120.57499090900001,16.388181252000038],[120.57497748100002,16.388114112000039],[120.57497748100002,16.388026831000047],[120.57500433700011,16.387905979000038],[120.57504462100007,16.387805270000058],[120.57504462100007,16.387657562000072],[120.5750177650001,16.387315150000063],[120.57536688900007,16.386602217000075],[120.57504625900003,16.384756351000021],[120.57430911200004,16.384082131000071],[120.57445264000012,16.382920934000026],[120.57478696700002,16.382171452000023],[120.57496193500003,16.381364007000059],[120.5749366230001,16.37899150100003],[120.57509842600007,16.378418273000023],[120.57564040500006,16.37649330000005],[120.57588065600009,16.375608430000057],[120.57696576000001,16.375626355000065],[120.57716301800008,16.375510721000069],[120.5773489390001,16.375494850000052],[120.57760061200008,16.375363345000039],[120.57778426600009,16.37523410700004],[120.57787949300007,16.375152483000022],[120.57794297900011,16.375154751000025],[120.57809035500009,16.37523410700004],[120.57831028600003,16.375311196000041],[120.57846673100005,16.375320266000074],[120.57855742400011,16.37534067200005],[120.57856422600003,16.375399622000032],[120.57855799600009,16.375431978000051],[120.57856649400003,16.37558100800004],[120.5785823650001,16.375639959000068],[120.57860277100008,16.375721583000029],[120.5786694410001,16.375783029000047],[120.57887004100007,16.37595576800004],[120.57899263000002,16.376134079000053],[120.57898705800005,16.376245524000069],[120.57897591300002,16.376501846000053],[120.57907071000011,16.376752355000065],[120.57929543200009,16.37700275900005],[120.57943026600003,16.37704128300004],[120.57964214600008,16.377099069000053],[120.57988613000009,16.377099069000053],[120.58032915400008,16.377009180000073],[120.58048966900003,16.376893609000035],[120.58063734400002,16.37661752200006],[120.58059882000009,16.376418482000076],[120.58051535200002,16.376180919000035],[120.58045114600009,16.376046086000031],[120.58044472500001,16.375930514000061],[120.58050893100005,16.375840625000023],[120.58064376400011,16.375795681000056],[120.58074007400012,16.375821364000046],[120.58086206600001,16.375962617000027],[120.58104826400006,16.376251546000049],[120.58110605000002,16.37657899800007],[120.58124730400004,16.376598260000037],[120.58137571600003,16.376450585000043],[120.58144634300004,16.376238704000059],[120.58141424000007,16.375962617000027],[120.58137571600003,16.375750737000033],[120.58152339100002,16.375538856000048],[120.58200493800007,16.375339816000064],[120.58276899300006,16.37528203100004],[120.58313496800008,16.37528203100004],[120.58361651600001,16.375410443000078],[120.58413016600002,16.37533339600003],[120.5844319360001,16.37521782400006],[120.58486853800002,16.375076571000022],[120.58516388700002,16.375057309000056],[120.58531798200011,16.375237086000027],[120.58543355400002,16.375648007000052],[120.58547849800004,16.37590483200006],[120.58559406900008,16.375949776000027],[120.5857610060001,16.375872729000037],[120.58597930700012,16.375545277000072],[120.58603709300007,16.37533339600003],[120.5863260210001,16.375262769000074],[120.58656358400003,16.375359078000031],[120.58670483800006,16.375468229000035],[120.58685251300005,16.375603062000039],[120.58703229000002,16.375545277000072],[120.58716712300009,16.37533339600003],[120.58745605200011,16.37523066600005],[120.58760372600011,16.375346237000031],[120.58804032900002,16.375397602000078],[120.58823936800002,16.375622324000062],[120.58842556700006,16.375667269000076],[120.58875301900002,16.375776419000033],[120.58895205800002,16.375821364000046],[120.58933931800004,16.375620428000047],[120.58986933900007,16.37532361600006],[120.59006438600011,16.375658589000068],[120.59006438600011,16.375963881000075],[120.59006862600006,16.376379417000066],[120.5899668620001,16.376934879000032],[120.59000502400011,16.37723593000004],[120.59011526800009,16.377507301000037],[120.59028063500011,16.377787152000053],[120.59039935900012,16.378109404000043],[120.59050112300008,16.378469818000042],[120.59055624500002,16.37880479100005],[120.59059016700007,16.379216087000032],[120.59045872100012,16.379385694000064],[120.59026367400008,16.379601942000022],[120.59019583100007,16.379826671000046],[120.59017039000003,16.380064120000043],[120.59000078400004,16.380259168000066],[120.58971669300001,16.380598381000027],[120.58957252700009,16.380840070000033],[120.58942836200004,16.381094480000058],[120.58918243200003,16.381285287000026],[120.58894074300008,16.381560898000032],[120.58862697100005,16.381738985000027],[120.58837256100003,16.381870430000049],[120.58832167900005,16.382027316000062],[120.58846160400003,16.382107879000046],[120.58866513200007,16.382107879000046],[120.58875417500008,16.382163001000038],[120.58883049800011,16.382209643000067],[120.58889410100005,16.382260525000049],[120.58887714000002,16.382362289000071],[120.58876265600009,16.382459813000025],[120.58859304900011,16.382472533000055],[120.58830471800002,16.382485254000073],[120.58825383600004,16.382557337000037],[120.58823687500001,16.382676061000041],[120.58831319800004,16.382786305000025],[120.58848280500001,16.382832947000054],[120.58885169900009,16.382951672000047],[120.58910610900011,16.383100078000041],[120.58539164900003,16.384990490000064]]]},"properties":{"brgy_name":"Santo Tomas Proper","psgc_10d":"1430300103","city_name":"Baguio City","prov_name":"Benguet","urban_rural2015":"U"}},{"type":"Feature","geometry":{"type":"Polygon","coordinates":[[[120.58986933900007,16.37532361600006],[120.58933931800004,16.375620428000047],[120.58895205800002,16.375821364000046],[120.58875301900002,16.375776419000033],[120.58842556700006,16.375667269000076],[120.58823936800002,16.375622324000062],[120.58804032900002,16.375397602000078],[120.58760372600011,16.375346237000031],[120.58745605200011,16.37523066600005],[120.58716712300009,16.37533339600003],[120.58703229000002,16.375545277000072],[120.58685251300005,16.375603062000039],[120.58670483800006,16.375468229000035],[120.58656358400003,16.375359078000031],[120.5863260210001,16.375262769000074],[120.58603709300007,16.37533339600003],[120.58597930700012,16.375545277000072],[120.5857610060001,16.375872729000037],[120.58559406900008,16.375949776000027],[120.58547849800004,16.37590483200006],[120.58543355400002,16.375648007000052],[120.58531798200011,16.375237086000027],[120.58516388700002,16.375057309000056],[120.58486853800002,16.375076571000022],[120.5844319360001,16.37521782400006],[120.58413016600002,16.37533339600003],[120.58361651600001,16.375410443000078],[120.58313496800008,16.37528203100004],[120.58276899300006,16.37528203100004],[120.58200493800007,16.375339816000064],[120.58152339100002,16.375538856000048],[120.58137571600003,16.375750737000033],[120.58141424000007,16.375962617000027],[120.58144634300004,16.376238704000059],[120.58137571600003,16.376450585000043],[120.58124730400004,16.376598260000037],[120.58110605000002,16.37657899800007],[120.58104826400006,16.376251546000049],[120.58086206600001,16.375962617000027],[120.58074007400012,16.375821364000046],[120.58064376400011,16.375795681000056],[120.58050893100005,16.375840625000023],[120.58044472500001,16.375930514000061],[120.58045114600009,16.376046086000031],[120.58051535200002,16.376180919000035],[120.58059882000009,16.376418482000076],[120.58063734400002,16.37661752200006],[120.58048966900003,16.376893609000035],[120.58032915400008,16.377009180000073],[120.57988613000009,16.377099069000053],[120.57964214600008,16.377099069000053],[120.57943026600003,16.37704128300004],[120.57929543200009,16.37700275900005],[120.57907071000011,16.376752355000065],[120.57897591300002,16.376501846000053],[120.57898705800005,16.376245524000069],[120.57899263000002,16.376134079000053],[120.57887004100007,16.37595576800004],[120.5786694410001,16.375783029000047],[120.57860277100008,16.375721583000029],[120.5785823650001,16.375639959000068],[120.57856649400003,16.37558100800004],[120.57855799600009,16.375431978000051],[120.57856422600003,16.375399622000032],[120.57855742400011,16.37534067200005],[120.57846673100005,16.375320266000074],[120.57831028600003,16.375311196000041],[120.57809035500009,16.37523410700004],[120.57794297900011,16.375154751000025],[120.57787949300007,16.375152483000022],[120.57778426600009,16.37523410700004],[120.57760061200008,16.375363345000039],[120.5773489390001,16.375494850000052],[120.57716301800008,16.375510721000069],[120.57696576000001,16.375626355000065],[120.57588065600009,16.375608430000057],[120.57560927500003,16.373161699000036],[120.57510179000008,16.37205717300003],[120.57398250200004,16.369576352000024],[120.58047390700006,16.368855300000064],[120.58206051500008,16.368992414000047],[120.59818230600001,16.366759050000041],[120.59815907600012,16.367281735000063],[120.59793838600001,16.367839267000022],[120.59795000100007,16.368164493000052],[120.59776415800002,16.368989175000024],[120.59772931200007,16.369430554000076],[120.59778148500004,16.369735080000055],[120.59798925300004,16.370231179000029],[120.59809101700012,16.370820562000063],[120.59824790300001,16.371180976000062],[120.59854047500005,16.371278500000074],[120.59879064400002,16.371388744000058],[120.59894329000008,16.371660114000065],[120.59917649900001,16.372041729000046],[120.59920194000006,16.372338541000033],[120.59901537300004,16.372728636000033],[120.59899417200006,16.372978805000059],[120.59903657400002,16.373190814000054],[120.59896873100001,16.373347700000068],[120.59873128200002,16.373483385000043],[120.59812069800012,16.373678433000066],[120.59762459900003,16.37374627500003],[120.59734898800002,16.373754756000039],[120.59694193300004,16.373623310000028],[120.5964924750001,16.373487625000053],[120.59617022300006,16.373195054000064],[120.59583525000005,16.373016967000069],[120.59570380500008,16.372919443000058],[120.59555115900002,16.372877042000027],[120.59541971400006,16.372910963000038],[120.59519498500003,16.37300424600005],[120.59506778000002,16.373012727000059],[120.59485577200007,16.372915203000048],[120.59469040500005,16.372783758000026],[120.59443175500007,16.372766797000054],[120.59413918400003,16.372902483000075],[120.59370244700006,16.373449464000032],[120.59354980100011,16.37375051500004],[120.59337171400011,16.373894681000024],[120.59314698600008,16.373920122000072],[120.59296465900002,16.373924362000025],[120.59279505200004,16.374034606000066],[120.59254912200004,16.374216933000071],[120.59220566900001,16.374289016000034],[120.59204454300004,16.374301737000053],[120.59140003800007,16.374403501000074],[120.59077249400002,16.374793596000075],[120.59016191000001,16.375120088000074],[120.58986933900007,16.37532361600006]]]},"properties":{"brgy_name":"Santo Tomas School Area","psgc_10d":"1430300102","city_name":"Baguio City","prov_name":"Benguet","urban_rural2015":"R"}},{"type":"Feature","geometry":{"type":"Polygon","coordinates":[[[120.61155256800009,16.392880008000077],[120.6121813100001,16.393602447000035],[120.61224141200012,16.394034085000044],[120.61226326700012,16.394356447000064],[120.61217584700012,16.394460259000027],[120.61201739700005,16.394574998000053],[120.61191358600001,16.394760766000047],[120.61189173100001,16.395044882000036],[120.61185348400011,16.395225187000051],[120.61083060500005,16.39641864400005],[120.60839562900003,16.397685930000023],[120.60748246900005,16.397459868000055],[120.6060528050001,16.39721651800005],[120.60638563800001,16.397050101000048],[120.60661196500007,16.397010161000026],[120.6067993800001,16.396949449000033],[120.60682943200004,16.396905526000069],[120.6067947570001,16.396840799000074],[120.60669304200007,16.396678980000047],[120.60650810600009,16.396484797000028],[120.60643182000001,16.396422381000036],[120.60642026200003,16.396343784000067],[120.60643413200012,16.396267497000053],[120.60671847100002,16.396138042000075],[120.60691727700009,16.396054821000064],[120.60699356300006,16.395990094000069],[120.60699356300006,16.395941548000053],[120.6069727580001,16.395886067000049],[120.60695426400002,16.395721937000076],[120.60692421200008,16.395382117000054],[120.60706359800008,16.39523706600005],[120.6072903160001,16.395068234000064],[120.60748326800001,16.394998289000057],[120.60794152700009,16.394829456000025],[120.60826713300003,16.394725745000073],[120.60880739700008,16.394308488000036],[120.6091619450001,16.39395152700007],[120.60933318900004,16.393695867000076],[120.60957417700001,16.39362141600003],[120.60976727700006,16.393484490000048],[120.60989893700003,16.393365119000066],[120.61002357400002,16.393252770000061],[120.61002181800006,16.393119355000067],[120.61155256800009,16.392880008000077]]]},"properties":{"brgy_name":"Scout Barrio","psgc_10d":"1430300105","city_name":"Baguio City","prov_name":"Benguet","urban_rural2015":"U"}},{"type":"Feature","geometry":{"type":"Polygon","coordinates":[[[120.59870216900003,16.411523035000073],[120.59763945500004,16.412425340000027],[120.59738547200004,16.41259911800006],[120.59703599800002,16.412864830000046],[120.5971016420001,16.412393113000064],[120.59714721500006,16.412104487000022],[120.59731899500002,16.412001314000065],[120.5978491190001,16.411666706000062],[120.59814468400009,16.41144272400004],[120.59852568400004,16.411119451000047],[120.59838452700001,16.410780929000055],[120.59803399500004,16.41061151100007],[120.59758063200002,16.410422046000065],[120.59749266600011,16.40948148700005],[120.59711360600011,16.409491161000062],[120.5972153460001,16.409306450000031],[120.59810381000011,16.407462299000031],[120.59856756800002,16.407137778000049],[120.59971185800009,16.406113453000046],[120.59999793100008,16.406141137000077],[120.60029323100002,16.406362613000056],[120.60036334200004,16.406401455000037],[120.6004442310001,16.40649071200005],[120.60044677500002,16.406645189000074],[120.60051552600009,16.407202534000078],[120.60055291600008,16.407327243000054],[120.60058977100005,16.407452154000055],[120.60062833000006,16.407693147000032],[120.60071508800002,16.407963059000053],[120.60077774600006,16.40815103400007],[120.60090788200012,16.408343828000056],[120.60099464000007,16.408416126000077],[120.6010862170001,16.408507704000044],[120.60125973200002,16.408580002000065],[120.60141396800009,16.40863784000004],[120.60162604200002,16.408787256000039],[120.60180437700001,16.408970410000052],[120.60196845300004,16.409135564000053],[120.60163213800001,16.409038407000025],[120.60142661300006,16.408963670000048],[120.60132198200006,16.408896408000032],[120.60112393000009,16.408888934000061],[120.60103050900011,16.408918828000026],[120.60097445700001,16.409064565000051],[120.60096324600011,16.409296248000032],[120.60094082500007,16.409527931000071],[120.60084740500008,16.409834351000029],[120.60079508900003,16.40996887700004],[120.60069045800003,16.410039876000042],[120.60015235500009,16.410200560000078],[120.59975114100007,16.410647391000055],[120.59960988000012,16.410670935000041],[120.59951570700002,16.410694478000039],[120.59942741900011,16.410735679000027],[120.59933044100001,16.410814559000073],[120.59899286100006,16.41118070400006],[120.59870216900003,16.411523035000073]]]},"properties":{"brgy_name":"Session Road Area","psgc_10d":"1430300106","city_name":"Baguio City","prov_name":"Benguet","urban_rural2015":"U"}},{"type":"Feature","geometry":{"type":"Polygon","coordinates":[[[120.59230129600007,16.389757991000067],[120.59220662400003,16.389884219000066],[120.59210034200009,16.389986842000042],[120.59180511600005,16.390012510000076],[120.59141021400001,16.390310197000076],[120.59100033900006,16.390534444000025],[120.59087356700002,16.390665474000059],[120.59073086900003,16.390787072000023],[120.59040526000001,16.391062155000043],[120.59048385500012,16.391331625000078],[120.5906635020001,16.391825652000023],[120.59066936200009,16.392503525000052],[120.5907145970001,16.392767394000032],[120.58997684700012,16.392631990000041],[120.58944939800006,16.392534693000073],[120.58931625500009,16.392345221000028],[120.58882465200008,16.391694872000073],[120.58832280700005,16.391034280000042],[120.58777999600011,16.389682372000038],[120.58780047900007,16.389405845000056],[120.58804628100006,16.389231735000067],[120.58815894000008,16.389262461000044],[120.58824087300002,16.389344395000023],[120.58840474100009,16.389549229000067],[120.58857373000001,16.389728459000025],[120.58924968400004,16.389318790000061],[120.58989375600004,16.38899516400005],[120.59010568200006,16.388924479000025],[120.59031235100008,16.388859526000033],[120.59063711700003,16.388723715000026],[120.58996396600003,16.387696273000074],[120.59009107100007,16.387523062000071],[120.59022055100002,16.387469485000054],[120.59034912100003,16.387385019000078],[120.59045017200003,16.387328880000041],[120.59101718000011,16.387036955000042],[120.5913203340001,16.386823625000034],[120.59154374000002,16.386930368000037],[120.59172649600009,16.387158813000042],[120.59215597400009,16.387835013000029],[120.59273923900003,16.388599713000076],[120.59296362300006,16.389083910000068],[120.59262588200011,16.389383815000031],[120.59256727600007,16.389473978000069],[120.5923869500001,16.389559633000033],[120.59230129600007,16.389676845000054],[120.59230129600007,16.389757991000067]]]},"properties":{"brgy_name":"SLU-SVP Housing Village","psgc_10d":"1430300156","city_name":"Baguio City","prov_name":"Benguet","urban_rural2015":"R"}},{"type":"Feature","geometry":{"type":"Polygon","coordinates":[[[120.5950248800001,16.421806643000025],[120.59456517300009,16.421648172000062],[120.59409759300001,16.421873303000041],[120.59402799100008,16.42191149000007],[120.5938600500001,16.421508888000062],[120.59353256400004,16.421616441000026],[120.59330354700012,16.42165234600003],[120.5932292120001,16.421660812000027],[120.59316833600008,16.420874365000032],[120.59311404400012,16.420579650000036],[120.59306141500008,16.420299664000026],[120.59333727000001,16.420187905000034],[120.59360558000003,16.420085882000024],[120.59402091000004,16.419999822000023],[120.59551742500003,16.41943075000006],[120.59559659900003,16.419377967000059],[120.59564938100004,16.419285598000045],[120.59562299000004,16.419219620000035],[120.59561419300007,16.419118453000067],[120.59561464400008,16.418981478000035],[120.59588532700002,16.419010602000071],[120.59586032000004,16.419215577000045],[120.59578603600005,16.419723186000056],[120.59577860800005,16.419879183000035],[120.59576622700001,16.419918801000051],[120.59560280200003,16.420059941000034],[120.59557061200007,16.420084702000054],[120.59550671300008,16.420119033000049],[120.59553501900007,16.420248878000052],[120.59553775900008,16.420289292000064],[120.59551206000003,16.420321415000046],[120.59544781500006,16.420350325000072],[120.5953514470001,16.420331052000051],[120.59523901700004,16.420327839000038],[120.59514586100011,16.420340688000067],[120.59508482800004,16.420388873000036],[120.5950430690001,16.420462755000074],[120.59501094600012,16.42056554800007],[120.59503664400006,16.42085465200006],[120.59511695100002,16.420957445000056],[120.59513301200002,16.421050601000047],[120.59512016300005,16.421108422000032],[120.5950944650001,16.421163030000059],[120.59504949300003,16.421211214000039],[120.59506504400008,16.421295993000058],[120.5950248800001,16.421806643000025]]]},"properties":{"brgy_name":"Slaughter House Area (Santo Niño Slaughter)","psgc_10d":"1430300107","city_name":"Baguio City","prov_name":"Benguet","urban_rural2015":"U"}},{"type":"Feature","geometry":{"type":"Polygon","coordinates":[[[120.61535347800009,16.412141890000044],[120.61497946600002,16.412165267000034],[120.61466313500011,16.412116601000037],[120.61448671900007,16.412080101000072],[120.61421905400005,16.412116601000037],[120.61378714000011,16.412262600000076],[120.61352555800011,16.412329516000057],[120.61333697600003,16.412329516000057],[120.61319097600006,16.412262600000076],[120.61294156100007,16.412110518000077],[120.61271647900003,16.412080101000072],[120.61253398000008,16.412104434000071],[120.61233323100009,16.412195684000039],[120.61208381600011,16.412232184000061],[120.61193781700001,16.412147017000052],[120.61163365200002,16.411903685000027],[120.61139640300007,16.411715103000063],[120.61115915500011,16.411654270000042],[120.61103140500006,16.411514354000076],[120.61098934600011,16.411392032000037],[120.61082457300006,16.41065052600004],[120.61061218600003,16.41041245100007],[120.61051918200008,16.409489994000069],[120.61021688400001,16.409396980000054],[120.60932161500011,16.409431860000041],[120.6076357180001,16.409699278000062],[120.60686834500007,16.409943442000042],[120.60520478800004,16.408384045000048],[120.60456540900009,16.407441086000063],[120.60440280300008,16.406921141000055],[120.60435134800002,16.406190325000068],[120.60520360500004,16.406191468000031],[120.6053861040001,16.405942052000057],[120.60561726900005,16.405674387000033],[120.60587885100006,16.405345889000046],[120.60606743300002,16.405023474000075],[120.60609785000008,16.404786226000056],[120.60602485000004,16.404214396000043],[120.60593968400008,16.403952814000036],[120.60581801800004,16.403873731000033],[120.60554427000011,16.403910231000054],[120.60523120700009,16.403994688000068],[120.60521693800001,16.403997331000028],[120.6052306790001,16.403983590000053],[120.60523966300002,16.403968264000071],[120.60525234600004,16.403945011000076],[120.6052571030001,16.403912246000061],[120.60525657400001,16.403878423000037],[120.60523692000004,16.403850522000027],[120.60535509300007,16.403710192000062],[120.6056675210001,16.403309243000024],[120.60618893100002,16.403342186000032],[120.60692969400009,16.404418877000069],[120.60684355900003,16.404634216000034],[120.60666034500002,16.405362350000075],[120.60660564800003,16.406039748000069],[120.60665613700007,16.406170178000025],[120.61253569000007,16.408253628000068],[120.61333121300004,16.408253628000068],[120.61484121900003,16.407798006000064],[120.6149421130001,16.407759570000053],[120.61505261600007,16.40777878800003],[120.61526881700001,16.407937335000042],[120.61555708500009,16.408105492000061],[120.61568680500011,16.408167950000063],[120.61573032500007,16.408322690000034],[120.61568684300005,16.40870678400006],[120.61560199400003,16.409104544000058],[120.61541870200006,16.409982266000043],[120.61537521900004,16.410286643000063],[120.61536072500007,16.410409843000025],[120.6154549370001,16.410583772000052],[120.61554914900012,16.410677984000074],[120.61563611400004,16.410851913000045],[120.61575206700002,16.411054831000058],[120.61578105500007,16.411344713000062],[120.61567234900008,16.411583866000058],[120.61535347800009,16.412141890000044]]]},"properties":{"brgy_name":"South Drive","psgc_10d":"1430300157","city_name":"Baguio City","prov_name":"Benguet","urban_rural2015":"R"}},{"type":"Feature","geometry":{"type":"Polygon","coordinates":[[[120.59765469900003,16.420302929000059],[120.59761530100002,16.420354449000058],[120.59722131900003,16.420757523000077],[120.59697501100004,16.420754187000057],[120.59674226900006,16.420829828000024],[120.59642806800002,16.421010203000037],[120.59617787100001,16.421219670000028],[120.59598004000009,16.421452412000065],[120.5956721770001,16.421803502000046],[120.59537605500009,16.422092894000059],[120.5950248800001,16.421806643000025],[120.59506504400008,16.421295993000058],[120.59504949300003,16.421211214000039],[120.5950944650001,16.421163030000059],[120.59512016300005,16.421108422000032],[120.59513301200002,16.421050601000047],[120.59511695100002,16.420957445000056],[120.59503664400006,16.42085465200006],[120.59501094600012,16.42056554800007],[120.5950430690001,16.420462755000074],[120.59508482800004,16.420388873000036],[120.59514586100011,16.420340688000067],[120.59523901700004,16.420327839000038],[120.5953514470001,16.420331052000051],[120.59544781500006,16.420350325000072],[120.59551206000003,16.420321415000046],[120.59553775900008,16.420289292000064],[120.59553501900007,16.420248878000052],[120.59550671300008,16.420119033000049],[120.59557061200007,16.420084702000054],[120.59560280200003,16.420059941000034],[120.59576622700001,16.419918801000051],[120.59577860800005,16.419879183000035],[120.59578603600005,16.419723186000056],[120.59586032000004,16.419215577000045],[120.59588532700002,16.419010602000071],[120.59561464400008,16.418981478000035],[120.59561419300007,16.418858940000064],[120.59555701200009,16.418634614000041],[120.59552182400012,16.418493861000059],[120.59547344000009,16.418339912000022],[120.59549103400002,16.418203558000073],[120.59562299000004,16.418045210000059],[120.59570216400004,16.417917653000075],[120.59578133700006,16.417803291000041],[120.5957671110001,16.417705700000056],[120.59592853300001,16.417467412000065],[120.59604495300005,16.417405811000037],[120.59611153200001,16.417294846000061],[120.59618255000009,16.417188319000047],[120.5962224970001,16.417099547000078],[120.59622587800004,16.417011015000071],[120.59630651100008,16.417308981000076],[120.59647225500009,16.417956889000038],[120.59659710500011,16.418320614000038],[120.59662795400004,16.418418963000022],[120.59671836000007,16.418644978000032],[120.59691423900006,16.419016646000046],[120.59711011800005,16.419232616000045],[120.59723568200002,16.419413427000052],[120.59755712500009,16.419860434000043],[120.59766812400005,16.419986761000075],[120.59766379100006,16.42025140800007],[120.59765469900003,16.420302929000059]]]},"properties":{"brgy_name":"Teodora Alonzo","psgc_10d":"1430300111","city_name":"Baguio City","prov_name":"Benguet","urban_rural2015":"U"}},{"type":"Feature","geometry":{"type":"Polygon","coordinates":[[[120.6018711050001,16.426596285000073],[120.60173800000007,16.426656310000055],[120.60147399200002,16.426572308000061],[120.60127298700002,16.426614309000058],[120.60117698400006,16.426707312000076],[120.60082897400002,16.426944318000039],[120.60066996900002,16.426980319000052],[120.60039396100001,16.426878316000057],[120.59991394800011,16.426728312000023],[120.59986117300002,16.426707322000027],[120.59977338700003,16.426696994000054],[120.59969712900011,16.426701438000066],[120.59936831100003,16.426587952000034],[120.59906859200009,16.426541393000036],[120.59879765800008,16.426527068000041],[120.59795754000004,16.426749248000021],[120.59790199500003,16.426728418000039],[120.59706882100011,16.425985504000039],[120.59696467400011,16.42592301600007],[120.59644394000009,16.426027163000072],[120.59606901100005,16.426138253000033],[120.59595792100004,16.426242400000035],[120.59598569400009,16.426554840000051],[120.59586306500012,16.426667905000045],[120.59572628000001,16.426608670000064],[120.5956375400001,16.426508837000029],[120.59559686700004,16.426360936000037],[120.59561165700006,16.426183455000057],[120.59564863200001,16.426031857000055],[120.59567377700012,16.425932657000033],[120.59542961400007,16.425858193000067],[120.59501742500004,16.425982520000048],[120.59428309800001,16.425576708000051],[120.59410917900004,16.425499410000043],[120.59398228900011,16.42543684900005],[120.59406392800008,16.42534226600003],[120.59411582700011,16.425292520000028],[120.59428491800008,16.425239679000072],[120.59451741900011,16.425202690000049],[120.59514804800006,16.425362326000027],[120.59532204400011,16.425394698000048],[120.59580674000006,16.425498600000026],[120.59591242200008,16.425551441000039],[120.59614144000011,16.425544414000058],[120.59629287700011,16.425519736000069],[120.59642671100005,16.425475626000036],[120.59675259400001,16.425377065000077],[120.59713887800001,16.425206540000033],[120.59739197100009,16.425091724000026],[120.59774072100004,16.424801098000046],[120.59791376400005,16.424583394000024],[120.59816059400009,16.424310262000063],[120.59830083600002,16.424167006000062],[120.59855975700009,16.42399791400004],[120.59877640500008,16.423839391000058],[120.59910402000003,16.423480072000075],[120.59920441800011,16.423326833000033],[120.59923083800004,16.423168310000051],[120.59919047900007,16.423037990000068],[120.59915426200007,16.422838799000033],[120.59911442400005,16.422733771000026],[120.59911804600006,16.422545445000026],[120.5992942470001,16.422312286000022],[120.5994316340001,16.422159047000036],[120.60011523300011,16.421665260000054],[120.60038017300008,16.421910166000032],[120.6005857450001,16.422069068000042],[120.60084841500009,16.422263402000056],[120.60120165000001,16.422534489000043],[120.60166989300001,16.42287129500005],[120.60189190500012,16.424935326000025],[120.60222120000003,16.425480256000071],[120.60233977400003,16.425800195000022],[120.6020164140001,16.425927675000025],[120.6019083650001,16.425960921000069],[120.6017615290001,16.426024642000073],[120.60146231600004,16.426099445000034],[120.60173314400004,16.426384215000041],[120.6018711050001,16.426596285000073]]]},"properties":{"brgy_name":"Trancoville","psgc_10d":"1430300112","city_name":"Baguio City","prov_name":"Benguet","urban_rural2015":"R"}},{"type":"Feature","geometry":{"type":"Polygon","coordinates":[[[120.57831976900002,16.415198920000023],[120.57798787400009,16.415212240000074],[120.57782362900002,16.415191710000045],[120.57751567000003,16.41513696100003],[120.57739933000005,16.415107306000039],[120.57733545700012,16.415063964000069],[120.57730580200007,16.41500465300004],[120.57729211500009,16.414929374000053],[120.57724428200004,16.414915088000043],[120.57719374100009,16.414888719000032],[120.57711683100001,16.414886522000074],[120.57691909500011,16.414815256000054],[120.57685571900004,16.414820445000032],[120.57674229100007,16.414780268000072],[120.57658024700004,16.414797845000066],[120.57630664600003,16.414829002000033],[120.57612632500002,16.415322042000071],[120.57580448500005,16.41514204300006],[120.57538512500003,16.415034276000029],[120.57534400100008,16.41513528400003],[120.57487540200009,16.415188706000038],[120.57486294900002,16.415131958000075],[120.57486294900002,16.414982953000049],[120.57486746400002,16.414800291000063],[120.57419328900005,16.414727561000063],[120.57387198100002,16.414672159000077],[120.57293563700011,16.414598237000064],[120.57320175600012,16.414179346000026],[120.57330031800007,16.414016718000028],[120.57323132500005,16.413898443000051],[120.57363516100008,16.41333022200007],[120.57372724900006,16.413356438000051],[120.57389831700004,16.413437349000048],[120.57396304500003,16.413437349000048],[120.57398385100009,16.413409608000052],[120.5739792280001,16.413370308000026],[120.5739283690001,16.413333321000039],[120.57382896500008,16.413307891000045],[120.57373649600004,16.413287086000025],[120.57360472700009,16.413224669000044],[120.57352150400004,16.413178434000031],[120.57347758100002,16.413134511000067],[120.5734914520001,16.413092900000038],[120.57360703800009,16.413113706000047],[120.57376654800009,16.413162252000063],[120.57391912300011,16.413203863000035],[120.57406013800005,16.413215422000064],[120.57412683100006,16.413182939000023],[120.57428000500011,16.413171157000022],[120.57510196500004,16.413117434000071],[120.57565531000012,16.413052967000056],[120.57695462000004,16.41302465900003],[120.57761932700009,16.413167968000039],[120.57822000300007,16.413265540000054],[120.57906460800007,16.413299080000058],[120.5790898460001,16.413818922000075],[120.57910282400007,16.414159508000068],[120.57861807600011,16.414546375000043],[120.57842697300009,16.414784087000044],[120.57840832900001,16.414849342000025],[120.57842697300009,16.415059089000067],[120.57831976900002,16.415198920000023]]]},"properties":{"brgy_name":"Victoria Village","psgc_10d":"1430300115","city_name":"Baguio City","prov_name":"Benguet","urban_rural2015":"R"}}]}